CODICE,DESCRIZIONE,FORNITORE,CONFIDENZA,IN CATALOGO,VENDUTO 12M
NOB005,LATTE NOBILE INTERO VETRO 1LT,LATTE NOBILE S.R.L.,DA ASSEGNARE,,2268
LPGRANCC,GRAN CAPROTTO 9 KG 1PZ X CT,FORMAGGERIA TOSCANA S.R.L.,DA ASSEGNARE,,1746
00048,CASERA- COMTE PETITE RESERVE 20M 35 KG,LA CASERA S.R.L.,DA ASSEGNARE,,1697
FR207,CASERA- COMTE' ELEGANCE 9M 35 KG,LA CASERA S.R.L.,DA ASSEGNARE,,1567
FP001001,LA RITROVATA TRADIZIONALE 360GR,FRESCO PIADA S.R.L.,non classificato,,1457
DEMARINIS01,DE MARINIS CECE BIO CONF. 500GR,AZIENDA AGRICOLA DE MARINIS DOMENICO,DA ASSEGNARE,,1222
CARNESSV,SFIZIETTI MARTINA FRANCA INTERI S/V,SALUMI MARTINA FRANCA SRL,DA ASSEGNARE,,1195
FRANCHI262,SAL. TOSCANA PICCANTE 180GR CASS 16PZ,FRANCHI SALUMI SRL,DA ASSEGNARE,,1143
FRANCHI265,BOCCONC CINGHIALE RUOTA S/V 210G (12PZ),FRANCHI SALUMI SRL,DA ASSEGNARE,,1136
SCU800,CONIGLIO INTERO 10 KG 5PZ,AZIENDA AGRICOLA SCUDELLARO S.AGR.S.,DA ASSEGNARE,,858
FARINO6,FARINO - BARCHETTE CLASSICHE 200GR,PALMISANO ANTONIO,DA ASSEGNARE,,677
FILETL1,FILETTO LARDATO 2KG (2PZ) NATURALE,SALUMI MARTINA FRANCA SRL,DA ASSEGNARE,,625
FP00101C,LA PIADA DEL CHIOSCO GR450,FRESCO PIADA S.R.L.,non classificato,,615
LPMIMAGP,MINI MARZOLINO GIALLO 05.KG,FORMAGGERIA TOSCANA S.R.L.,DA ASSEGNARE,,598
00341,CA- CRAVOT DI CAPRA3KG,LA CASERA S.R.L.,non classificato,,590
CC051421,BORBONE TRANCI NERO ABRUZZO S/V 1KG,CENTRO CARNE S.R.L.,DA ASSEGNARE,,541
FRANCHI258,SAL. TOSCANA VINELLO 180GR CASS 16PZ,FRANCHI SALUMI SRL,DA ASSEGNARE,,521
01517,LA CASERA MANCHEGO CURADO DOP,LA CASERA S.R.L.,DA ASSEGNARE,,491
CC120513,GIRELLO B.A. 3.5+ POLONIA S/V 3-5KG 2PZ,CENTRO CARNE S.R.L.,DA ASSEGNARE,,479
PATRO12,PATRONE: SBRICIOLONA BUDELLO CRESPONE,SALUMIFICIO PATRONE SRL,DA ASSEGNARE,,456
1002130,VALSAMOGGIA-SQUACQ.PICCOLO VASCH.400GRX3,CASEIFICIO VALSAMOGGIA S.N.C. ,DA ASSEGNARE,,455
COLIR180,COLIMENA FILETTO TONN. ROSS. 180 GR,COLIMENA LA FABBRICA DEL TONNO SRL,DA ASSEGNARE,,434
00835,CASERA- ROBIOLONA PRIMAVERA 1KG,LA CASERA S.R.L.,DA ASSEGNARE,,379
COLIN050/L,COLIMENA TONNETTO AL NATURALE 190GR,COLIMENA LA FABBRICA DEL TONNO SRL,DA ASSEGNARE,,374
CO2268,MARRAZZO CONFET.ALBIC.PELLECCH.VES. 350G,,DA ASSEGNARE,,365
8015493005045,DELFINO - FILETTI ORATA 212ML,DELFINO BATTISTA SRL,DA ASSEGNARE,,365
FR067,CASERA- RACLETTE COL DE FOURCE,LA CASERA S.R.L.,DA ASSEGNARE,,356
00831,CASERA-APPENZELLER EXTRA DOP 6M 6-7KG,LA CASERA S.R.L.,DA ASSEGNARE,,350
FR207O,CASERA- COMTE' ELEGANCE 9M 1/8,LA CASERA S.R.L.,DA ASSEGNARE,,345
1002030,VALSAMOGGIA- SQUACQ.GRANDE VASCH 850GRX2,CASEIFICIO VALSAMOGGIA S.N.C. ,DA ASSEGNARE,,344
FR057,BRIE LATTE CRUDO TREMBLAYE,LA CASERA S.R.L.,DA ASSEGNARE,,340
PAGIGP-QUARTO,"IL PASTORE GIGANTE QUARTO 2,5 KG",FORMAGGERIA TOSCANA S.R.L.,DA ASSEGNARE,,338
RS-20,L. D. S. - PREJADA 3.5 KG,REPARO S.R.L.,DA ASSEGNARE,,336
VINC750,VINCOTTO BOTTIGLIA 750ML,GEVO FOOD SRL,non classificato,,335
LUPG5,LUPINI IN SALAMOIA SECCHIO KG.5,GEVO FOOD SRL,non classificato,,320
FILETNSV,FILETTO DI MARTINA FRANCA INT. 2PZ,SALUMI MARTINA FRANCA SRL,DA ASSEGNARE,,307
FO-30,L. D. S. - ARROGANTE 5.5 KG,REPARO S.R.L.,DA ASSEGNARE,,305
111FS0000QUSV,CRUCOLO - IL PIU SAPORITO - QUARTO,CRUCOLO S.R.L.,DA ASSEGNARE,,305
00048O,CASERA- COMTE PETITE RESERVE 20M 1/8,LA CASERA S.R.L.,DA ASSEGNARE,,301
044,PENNINE RIGATE 500GR,PASTIFICIO GENTILE SRL,DA ASSEGNARE,,292
8015493004024,DELFINO - FILETTI RICCIOLA 212ML,DELFINO BATTISTA SRL,DA ASSEGNARE,,285
05111FR9999CS,CRUCOLO - FORMAGGIO 242 IL RIBELLE,CRUCOLO S.R.L.,DA ASSEGNARE,,284
FO-36,L. D. S. - STRABECCO 2.5 KG,REPARO S.R.L.,DA ASSEGNARE,,281
01226,CA- GOUDA FARMSTEAD PRESIDIUM 48+ INTERO,LA CASERA S.R.L.,DA ASSEGNARE,,279
LPIMAGIP,PRIMA PECORA GIGANTE 9KG,FORMAGGERIA TOSCANA S.R.L.,DA ASSEGNARE,,276
AN52613,AC.BALS.DI MODENA IGP BOTTE ORO BOTT0.25,OLIO ANFOSSO S.R.L.,non classificato,,270
MG-ICH,ANTICA CREMERIA HOTEL PORZ.9.4GR - GR150,MONTANARI & GRUZZA S.P.A.,DA ASSEGNARE,,270
1TPMBX24PV275,TOMARCHIO THE BIO LIMONE/MAND 275ML 24BT,SIBAT TOMARCHIO S.R.L.,non classificato,,269
00105,CASERA- CASTELMAGNO DOP D'ALPEGGIO,LA CASERA S.R.L.,non classificato,,265
BB2319,BIOBONTA - SALSA TONNATA 130GR,TUTTOVO SRL,DA ASSEGNARE,,257
LU516P,LUNARDI - PANFORTE MARGHERITA 260/320 G,FRATELLI LUNARDI S.R.L.,non classificato,,254
DITRIA167,MIX SO FOOD ASSAGGIO BOX 2 - 5 KG,DI TRIA SOCIETA' AGRICOLA ARL,DA ASSEGNARE,,238
NOB069,CACIOTTA NOBILE CONF.10PZX400GR,LATTE NOBILE S.R.L.,DA ASSEGNARE,,235
FO-32,L. D. S. - ARROGANTE AL MIRTO 5.5 KG,REPARO S.R.L.,DA ASSEGNARE,,232
BACCM,FORM.BACCELLONE M.RETTANGOLARE INTERO,FORMAGGERIA TOSCANA S.R.L.,DA ASSEGNARE,,229
1TLMBX24PV275,TOMARCHIO THE BIO PESCA/MELON 275ML 24BT,SIBAT TOMARCHIO S.R.L.,non classificato,,228
CC008661,PULLED PORK 500GR 12PZ COTTI,CENTRO CARNE S.R.L.,DA ASSEGNARE,,226
COLIP074,COLIMENA PALAMITA IN OL. OLIVA 550 GR,COLIMENA LA FABBRICA DEL TONNO SRL,DA ASSEGNARE,,225
LOVISON92,LOVISON:SOPPRESSA CON FILETTO 1.75KG-2PZ,SALUMIFICIO A. LOVISON SRL,DA ASSEGNARE,,220
00228,CASERA- REBLOCHON AOP  GR.500 (6PZ),LA CASERA S.R.L.,DA ASSEGNARE,,213
FG506,GENTILE - BRIOCHE GOCCE CIOCCOLAT 230 GR,FORNO GENTILE S.R.L.,DA ASSEGNARE,,210
DITRIA166,MIX SO FOOD ASSAGGIO BOX 1 - 5 KG,DI TRIA SOCIETA' AGRICOLA ARL,DA ASSEGNARE,,206
CAPRIZ80052,CAPRIZ CONF. FICO E SENAPE PICCANTE 160G,CAPRIZ SRL SOCIO UNICO,DA ASSEGNARE,SI,202
FRANCHI331,SAL. TOSCANO MACINATO INT. PIUMATO KG3.5,FRANCHI SALUMI SRL,DA ASSEGNARE,,200
FG521,BAULETTO ALL'ALBICOCCA 320 GR,FORNO GENTILE S.R.L.,DA ASSEGNARE,,199
ABB0027,MUCCA SETTE NANI,ADRIANO AZZARRI RAPPRESENTANZE S.A.S.,DA ASSEGNARE,,175
01405,CASERA- CHEDDAR CHESTER A FETTE 2.165KG,LA CASERA S.R.L.,DA ASSEGNARE,,173
FO-39,L. D. S. - FIORE SARDO DOP 3.5 KG,REPARO S.R.L.,DA ASSEGNARE,,173
LOVISON05,"LOVISON:SOPPRESSA PUNTA DI COLT.1,5KG-2P",SALUMIFICIO A. LOVISON SRL,DA ASSEGNARE,,170
NOB058,SILANO BIANCO LATTE NOBILE,LATTE NOBILE S.R.L.,DA ASSEGNARE,,167
LATFIO5,GUGLIELMI - FIOR D'O LATTA 5 LT,GUGLIELMI SAVERIO DI GUGLIELMI R. E V. SNC,DA ASSEGNARE,,152
COLIACQALL,COLIMENA TONNETTO ACQUE DI MARE 190GR,COLIMENA LA FABBRICA DEL TONNO SRL,DA ASSEGNARE,,148
01331,CASERA- MACCAGNO COL BUCO,LA CASERA S.R.L.,DA ASSEGNARE,,139
PIR002,MARCOLIN INSALATA RUSSA CONF. 250G,GASTRONOMIA MARCOLIN SRL,DA ASSEGNARE,,138
BRANCHI201,BRANCHI: SPALLA60 A.Q.,BRANCHI SRL,DA ASSEGNARE,,138
ABB0018,MUCCA LA PRINCIPESSA,ADRIANO AZZARRI RAPPRESENTANZE S.A.S.,DA ASSEGNARE,,137
MALPIGHI239,ACINO BIANCO 100 ML,ACETAIA MALPIGHI S.R.L.,DA ASSEGNARE,,137
52650,ANFOSSO: CONDIM. ALIMENT. BIANCO 0.750ML,OLIO ANFOSSO S.R.L.,DA ASSEGNARE,,132
PIR001,MARCOLIN INSALATA RUSSA CONF. 1KG,GASTRONOMIA MARCOLIN SRL,DA ASSEGNARE,,126
MG-RGR6,FORMAGGIO MIX GRATTUGIATO FRESCO 1KG,MONTANARI & GRUZZA S.P.A.,DA ASSEGNARE,,126
FR144,"LA CASERA - RED CHEDDAR BAR 2,5 KG",LA CASERA S.R.L.,non classificato,,124
01473,CASERA- CIMA ROSA LATTE CRUDO,LA CASERA S.R.L.,DA ASSEGNARE,,124
FRANCHI50,BURISTO INTERO S/V KG 1.5 (2PZ),FRANCHI SALUMI SRL,DA ASSEGNARE,SI,119
LPIMAPEP,PRIMA PECORA - PURA PECORA 2.5KG,FORMAGGERIA TOSCANA S.R.L.,DA ASSEGNARE,,117
PATRO14,PATRONE: MULETTA PICCANTE CRESPONE,SALUMIFICIO PATRONE SRL,DA ASSEGNARE,,117
BOS-SP0003,BOSCHI CARNE BIANCA 55G,BOSCHI SRL,DA ASSEGNARE,,113
111FD0000MESV,CRUCOLO - IL PIU DOLCE - META,CRUCOLO S.R.L.,DA ASSEGNARE,,113
CC125150,COPERTINA DI SPALLA B.A.IGP S/V 2-5KG 5P,CENTRO CARNE S.R.L.,DA ASSEGNARE,,110
COLIRR300,COLIMENA BRICIOLE TONN. ROSS. 300 GR,COLIMENA LA FABBRICA DEL TONNO SRL,DA ASSEGNARE,,108
COLIBZR300,COLIMENA BUZZONAGLIA TONN. ROSS. 300 GR,COLIMENA LA FABBRICA DEL TONNO SRL,DA ASSEGNARE,,108
SOTACCI1062,FILETTI DI ACCIUGA IN OLIO GR.1080,MONGETTO SOC. COOP.,non classificato,,108
ALBA627,QUADROTTO FRUTTI DI BOSCO 8 PORZIONI,DOLCERIA ALBA SPA,DA ASSEGNARE,,107
PAF250,MARILUNGO: PAGLIA E FIENO 250GR,LA PASTA DI CAMPOFILONE MARILUNGO SRL,non classificato,,106
01397,C-CUBOTTO MEDITERRANEO AFF. AL ROSMARINO,LA CASERA S.R.L.,DA ASSEGNARE,,101
FG524,BAULETTO AL CIOCCOLATO 320 GR,FORNO GENTILE S.R.L.,DA ASSEGNARE,,100
FG523,BAULETTO MELE E AMARENE 320 GR,FORNO GENTILE S.R.L.,DA ASSEGNARE,,100
ALBA670,TORTINO AL CIOCCOLATO 9 COPPE,DOLCERIA ALBA SPA,DA ASSEGNARE,,98
1SABX24PV275,TOMARCHIO ARANC ROSSA BIO 0.275 X 24BT,SIBAT TOMARCHIO S.R.L.,non classificato,,96
01254,C-CASTELMAGNO DOP STAGIONATO MEZZA FORMA,LA CASERA S.R.L.,DA ASSEGNARE,,95
043G,MOUSSE BLUE CHEESE 150GR DOYPACK,T.F.A. SRL,DA ASSEGNARE,,94
VL210,IZZICA LAMPASCIONI IN OLIO OLIVA 210G,GROUME SRL,non classificato,,91
CP00047,C PRENCIPE FOGLIE OLIVO SPINACI BIO 500G,CASA PRENCIPE DI PRENCIPE D. E ARMILLOTTA G S.N.C.,DA ASSEGNARE,,90
BOS-ESPOSITORE,BOSCHI MINI ESPOSITORE DA BANCO,BOSCHI SRL,DA ASSEGNARE,,90
FA0015-09,BOCCON AFFUMICATA 50*6=250G(kg3),CASEARIA FAIELLO SRL,DA ASSEGNARE,,89
COLIV114,COLIMENA VENTR. DI TONNET. OL.OLIV 320GR,COLIMENA LA FABBRICA DEL TONNO SRL,DA ASSEGNARE,,88
MG-ICS0,SCATOLA METALLICA GR250,MONTANARI & GRUZZA S.P.A.,DA ASSEGNARE,,88
MALPIGHI381,COND. AL. BIANCO PRELIBATO RISERVA 200ML,ACETAIA MALPIGHI S.R.L.,DA ASSEGNARE,,88
LPSK200P,PECORA NERA 200gr - SKIN - LA PECORA,FORMAGGERIA TOSCANA S.R.L.,non classificato,,87
ABB0013,MUCCA VECCHIO BRANCA,ADRIANO AZZARRI RAPPRESENTANZE S.A.S.,DA ASSEGNARE,,85
MAC-EMOZIONE15,EMOZ PET CON TART BIANCHET E PEPER 15G,CALUGI S.R.L.,DA ASSEGNARE,,84
1MABX24PV275,TOMARCHIO MANDARINO BIO 0.275 X 24BT,SIBAT TOMARCHIO S.R.L.,non classificato,,78
1LIBX24PV275,TOMARCHIO LIMONATA BIO 0.275 X 24BT,SIBAT TOMARCHIO S.R.L.,non classificato,,78
FRANCHI145,LOMBETTO TRANCIO 350GR S/V (10PZ),FRANCHI SALUMI SRL,DA ASSEGNARE,,75
OBE6026,POLPA IMPERIALE HAMB. DI FASS. 180G-10PZ,SELEZIONE OBERTO SRL,non classificato,,74
FRANCHI147,LOMBO META S/V CARTA GIALLA KG 1.2 (3PZ),FRANCHI SALUMI SRL,DA ASSEGNARE,,73
00150,CASERA- REBLO CREMOSO 300GR (4PZ),LA CASERA S.R.L.,DA ASSEGNARE,,71
01557,CASERA- OLIVIA - 5KG,LA CASERA S.R.L.,DA ASSEGNARE,,70
CP00084,C PRENCIPE TRE DITA SECCHE BIO 500G,CASA PRENCIPE DI PRENCIPE D. E ARMILLOTTA G S.N.C.,DA ASSEGNARE,,69
FO-14,"L. D. S. - BIRBA 1,5 KG",REPARO S.R.L.,DA ASSEGNARE,,68
CO1155,CREMA BROCCOLO APRILATICO PATERNOP. 300G,,non classificato,,66
CC120124,DIAFRAMMA PIATTO-FLAP STEAK,CENTRO CARNE S.R.L.,DA ASSEGNARE,,65
CC008650,FESA SCOTTON COTTA ALL'INGLESE 2-3KG 4PZ,CENTRO CARNE S.R.L.,DA ASSEGNARE,,64
FR018,CASERA- BRIE DE MEAUX WOOD BOX,LA CASERA S.R.L.,DA ASSEGNARE,,63
NG0091,CASERA- CREMBRI 140GR (9PZ),LA CASERA S.R.L.,DA ASSEGNARE,,62
01306,CA-TESTUN DI PECORA,LA CASERA S.R.L.,DA ASSEGNARE,,62
FP00133,LA RITROVATA CON GRANI ANTICHI BIO,FRESCO PIADA S.R.L.,non classificato,,58
FRANCHI146,LOMBETTO INT FETTA A VISTA 2.1KG (2PZ),FRANCHI SALUMI SRL,DA ASSEGNARE,,56
FRANCHI343,SAL. TOSCANA SBRICIOLON 180GR CASS 16PZ,FRANCHI SALUMI SRL,DA ASSEGNARE,,55
ALBA628,CREMOSO AL CARAMELLO 9 COPPE,DOLCERIA ALBA SPA,DA ASSEGNARE,,53
SCU9414,SCUDELLARO CRESTE DI GALLO S/V 500GR,AZIENDA AGRICOLA SCUDELLARO S.AGR.S.,DA ASSEGNARE,,52
SCU56-E,GALLINA NOVELLA EVISC. 9KG 5PZ,AZIENDA AGRICOLA SCUDELLARO S.AGR.S.,DA ASSEGNARE,,52
GENTI2929,ALBICOCCHE VESUVIO SCIROPPATE 1000GR,PASTIFICIO GENTILE SRL,DA ASSEGNARE,,52
RAFI166,CIMETTE DI RAPE GR.200,QUALITALIA PUGLIA S.R.L.,non classificato,,50
BB2323,BIOBONTA - SALSA ANDALUSA 130GR,TUTTOVO SRL,DA ASSEGNARE,,50
FG522,BAULETTO AGLI AGRUMI 320 GR,FORNO GENTILE S.R.L.,DA ASSEGNARE,,46
CIPTRO3100,SURIANO - CIPOL ROS TROPEA AGROD. 3100ML,SURIANOLII & C. SNC,DA ASSEGNARE,,40
8015493004031,DELFINO - ALICETTE PICCANTI 212ML,DELFINO BATTISTA SRL,DA ASSEGNARE,,38
CIPTRO1700,SURIANO - CIPOL ROS TROPEA AGROD. 1700ML,SURIANOLII & C. SNC,DA ASSEGNARE,,36
ABB012,MAIDEA-TORTIGLIONI GR.500,PASTIFICIO MAIDEA SRL,DA ASSEGNARE,,32
014,LUMACONI 500GR,PASTIFICIO GENTILE SRL,DA ASSEGNARE,,31
LOVISON11,LOVISON: MUSETTO SV - 300GR - 6PZ,SALUMIFICIO A. LOVISON SRL,DA ASSEGNARE,,29
AR100SPRAYARANCIA,GUGLIELMI - AROMATIZZATO ARANCIA 100ML,GUGLIELMI SAVERIO DI GUGLIELMI R. E V. SNC,DA ASSEGNARE,,29
FG191,GENTILE - OCCHI DI BUE Albicocca 250GR,PASTIFICIO GENTILE SRL,DA ASSEGNARE,,23
FG194,GENTILE - OCCHI DI BUE LIMONE 250GR,FORNO GENTILE S.R.L.,DA ASSEGNARE,,23
01554,CASERA-TAVOLOZZA DEL PITTORE (200GR-5PZ),LA CASERA S.R.L.,DA ASSEGNARE,,22
FG501,GENTILE - BRIOCHE CLAS VANIGLIA 200GR,FORNO GENTILE S.R.L.,DA ASSEGNARE,,20
COSBAVER0040,MONGETTO: BAGNETTO VERDE 35GR,MONGETTO SOC. COOP.,non classificato,,20
FVMPAE1241,LANGHE: TAJARIN PAGLIA E FIENO 250GR,F.LLI BIANCO SRL,DA ASSEGNARE,,18
MALPIGHI346,RISERVA SAPOROSO 200 ML,ACETAIA MALPIGHI S.R.L.,DA ASSEGNARE,,17
PC3896,SCAROLA C/UVETTA PINOLI OLIO 280G VETR,FINAGRICOLA SOC.COOP.,DA ASSEGNARE,,16
FA0015-36,AVERSANA AFFUMICATA 500GR(CT2 PZ KG1),CASEARIA FAIELLO SRL,non classificato,,15
PPV001,MARCOLIN POLPETTE VERDURA CONF. 600G,GASTRONOMIA MARCOLIN SRL,DA ASSEGNARE,,15
SCU113,SCUDELLARO FILETTO DI OCA 300G,AZIENDA AGRICOLA SCUDELLARO S.AGR.S.,DA ASSEGNARE,,12
NOB001,LATTE NOBILE INTERO TETRAPACK 1LT,LATTE NOBILE S.R.L.,DA ASSEGNARE,,10
00572,TOUMIN DAL MIEL,LA CASERA S.R.L.,non classificato,,9
SCU100,SCUDELLARO FEGATI DI CORTE S/V 500GR,AZIENDA AGRICOLA SCUDELLARO S.AGR.S.,DA ASSEGNARE,,9
BOS-SP0190,BOSCHI PET AMERICAN BBQ 600G,BOSCHI SRL,DA ASSEGNARE,,6
NG1499,FORMAGGELLA BUON CONTADINO,LA CASERA S.R.L.,non classificato,,0
GIN1GOLD,ginlondon dry vol 42% 0.50lt,IL CONVENTO SOC. AGR. A.R.L.,DA ASSEGNARE,,0
1TZMBX24PV275,TOMARCHIO THE VERDE ZAG BIO 0.275 X 24BT,SIBAT TOMARCHIO S.R.L.,non classificato,,0
NVP50,PASSITO DI PANTELLERIA 500ML,BONOMO E GIGLIO SRL,non classificato,,0
NV_O001_009,NERO FERMENTO - OLIO NERO 250ML,NERO FERMENTO SRL,DA ASSEGNARE,,0
NOB025,STRACCIATA LATTE NOBILE 500GR,LATTE NOBILE S.R.L.,DA ASSEGNARE,,0
NOB059,SILANO AFFUMICATO LATTE NOBILE,LATTE NOBILE S.R.L.,DA ASSEGNARE,,0
NV_C002_006,NERO FERMENTO-NERO DI VOGHIERA CREMA300G,NERO FERMENTO SRL,DA ASSEGNARE,,0
NV_S001_012,NERO FERMENTO-NERO DI VOGHIERA SBUCC 50G,NERO FERMENTO SRL,DA ASSEGNARE,,0
NV_T003_025,NERO FERMENTO-NERO DI VOGHIERA BULBO100G,NERO FERMENTO SRL,DA ASSEGNARE,,0
OL.TB1000,COND GUSTO TART.BIANCO IN OLIO GIR1000ML,CALUGI S.R.L.,DA ASSEGNARE,,0
OL.TB100OLVSPRAY,GOCCE TART BIANCO  OLIO SPRAY 100ML,CALUGI S.R.L.,DA ASSEGNARE,,0
OL.TB250OLV,COND GUSTO TART.BIANCO IN OLIO OLIV250ML,CALUGI S.R.L.,DA ASSEGNARE,,0
OL.TB250OLVP,COND GUSTO TART.BIANCO IN OLIO OLIV250ML,CALUGI S.R.L.,DA ASSEGNARE,,0
OL.TB5000BOXOLV,COND TART.BIANCO IN OLIO OLIV 5000ML BOX,CALUGI S.R.L.,DA ASSEGNARE,,0
OL.TB500GIR,COND GUSTO TART.BIANCO IN OLIO GIR 500ML,CALUGI S.R.L.,DA ASSEGNARE,,0
OL.TN250OLVP,COND GUSTO TART.NERO IN OLIO OLIV250ML,CALUGI S.R.L.,DA ASSEGNARE,,0
P00VP007,"SPUMABIONDA   VAP LT.0,25 CT DA 12 PEZZI",ENRICO PAOLETTI &FIGLI SRL,non classificato,,0
P08,FORNO GENTILE PANFRUTTO 650g,FORNO GENTILE S.R.L.,DA ASSEGNARE,,0
P1,MORTAD PISTAC DA 1KG 10CM (CONF. 5PZ),SALUMIFICIO BBS & C. SNC,DA ASSEGNARE,,0
P1.03.004,DOSATORE FINAGRICOLA,FINAGRICOLA SOC.COOP.,non classificato,,0
P18VP100,GASSOSA VAP 1LT CT DA 6 PEZZI,ENRICO PAOLETTI &FIGLI SRL,non classificato,,0
P19VP100,SPUMA  VAP 1LT CT DA 6 PEZZI,ENRICO PAOLETTI &FIGLI SRL,non classificato,,0
P20VP100,SPUMA BIONDA VAP 1LT CT DA 6 PEZZI,ENRICO PAOLETTI &FIGLI SRL,non classificato,,0
P21VP100,BITTER  VAP 1LT CT DA 6 PEZZI,ENRICO PAOLETTI &FIGLI SRL,non classificato,,0
P24VP100,ARANCIA   VAP 1LT CT DA 6 PEZZI,ENRICO PAOLETTI &FIGLI SRL,non classificato,,0
P44VP027,"POMPELMO  VAP LT.0,25 CT DA 12 PEZZI",ENRICO PAOLETTI &FIGLI SRL,non classificato,,0
P45VP027,"GASSOSA VAP LT.0,25 CT DA 12 PEZZI",ENRICO PAOLETTI &FIGLI SRL,non classificato,,0
P46VP027,"SPUMA  VAP LT.0,25 CT DA 12 PEZZI",ENRICO PAOLETTI &FIGLI SRL,non classificato,,0
P47VP027,"CEDRATA   VAP LT.0,25 CT DA 12 PEZZI",ENRICO PAOLETTI &FIGLI SRL,non classificato,,0
P5,MORT. PISTAC VESCICA RIGENERATA 17CM 5KG,SALUMIFICIO BBS & C. SNC,DA ASSEGNARE,,0
P50VP027,"TONICA  VAP LT.0,25 CT DA 12 PEZZI",ENRICO PAOLETTI &FIGLI SRL,non classificato,,0
P51VP027,"BITTER  VAP LT.0,25 CT DA 12 PEZZI",ENRICO PAOLETTI &FIGLI SRL,non classificato,,0
P53VP027,"ARANCIA VAP LT.0,25 CT DA 12 PEZZI",ENRICO PAOLETTI &FIGLI SRL,non classificato,,0
P54VP027,"ARANCIAROSSA  VAP LT.0,25 CT DA 12 PEZZI",ENRICO PAOLETTI &FIGLI SRL,non classificato,,0
P56VP090,CEDRATA  VAP 1LT CT DA 6 PEZZI,ENRICO PAOLETTI &FIGLI SRL,non classificato,,0
P58VP025,"LIMONATA   VAP LT.0,25 CT DA 12 PEZZI",ENRICO PAOLETTI &FIGLI SRL,non classificato,,0
PAGRIMP,RISERVA PASTORE IMPAGL. AFF. GROTT 2.8KG,FORMAGGERIA TOSCANA S.R.L.,DA ASSEGNARE,,0
PAMAXPISP-QUARTO,"PASTORE MAXI AROM. PIST. P. QUARTO 2,5KG",FORMAGGERIA TOSCANA S.R.L.,DA ASSEGNARE,,0
PANDISEMPRE5,PANDISEMPRE 5KG,MARINO FELICE SRL,DA ASSEGNARE,,0
PASPIGIP8,OTTAVO DEL PASTORE 1.5KG,FORMAGGERIA TOSCANA S.R.L.,DA ASSEGNARE,,0
PATRO11,PATRONE: SAL. TOSC. FERRO DI CAVALLO PDC,SALUMIFICIO PATRONE SRL,DA ASSEGNARE,,0
PATRO17,PATRONE: BACON 8-10KG,SALUMIFICIO PATRONE SRL,DA ASSEGNARE,,0
PATRO5,PATRONE: MACINATO FRESCO 1KG,SALUMIFICIO PATRONE SRL,DA ASSEGNARE,,0
PBD75,KOMJANC-DOC COLLIO PINOT BIANCO 0.75L,SOC. AGR. ALESSIO KOMJANC E FIGLI S.S.,DA ASSEGNARE,,0
PC0073,CIPOLLATA CON CAROTE VASO 290GR,FINAGRICOLA SOC.COOP.,DA ASSEGNARE,,0
PC35,MORT.PISTA CL SIGARO 23 CM 30KG A META',SALUMIFICIO BBS & C. SNC,DA ASSEGNARE,,0
PE296,FORMAGGIO NEL FIENO,PEZZETTA S.R.L.,non classificato,,0
PE309,LATTERIA DI GROTTA 1/4 S/V,PEZZETTA S.R.L.,non classificato,,0
PE349,OCCHIONE DI CARNIA,PEZZETTA S.R.L.,non classificato,,0
PE351,LATTERIA PANNARELLO (2 PEZZI),PEZZETTA S.R.L.,non classificato,,0
PE354,FORMAGGIO DOLCE OVARO,PEZZETTA S.R.L.,non classificato,,0
PE477,CACIOTTA SUTINA - CONF. DA 5PZ,PEZZETTA S.R.L.,non classificato,,0
PF0004636,FINAGRICOLA - POM. COCKTAL DATT. GIA 3KG,FINAGRICOLA SOC.COOP.,DA ASSEGNARE,,0
PF0004637,FINAGRICOLA - POM. COCKTAL DATT. ROS 3KG,FINAGRICOLA SOC.COOP.,DA ASSEGNARE,,0
PF0005185,P.COCK.MIX R/G 12X250 CC,FINAGRICOLA SOC.COOP.,non classificato,,0
PGD75,KOMJANC-DOC COLLIO PINOT GRIGIO 0.75L,SOC. AGR. ALESSIO KOMJANC E FIGLI S.S.,DA ASSEGNARE,,0
PIM001,MARCOLIN INSALATA DI MARE CONF. 1KG,GASTRONOMIA MARCOLIN SRL,DA ASSEGNARE,,0
PIM002,MARCOLIN INSALATA DI MARE CONF. 200G,GASTRONOMIA MARCOLIN SRL,DA ASSEGNARE,,0
PIM45,SUPERBON - GUSTO PAPRIKA 45G,SA SUPERSEC,DA ASSEGNARE,,0
PISGDOP,PIST. VERDE BRONTE SGUSC. BUSTA S/V 1KG,EVERGREEN DI BONACCORSO PIETRO,DA ASSEGNARE,,0
PISGDOP1,PIST. VERDE BRONTE SGUS. BUSTA S/V 100GR,EVERGREEN DI BONACCORSO PIETRO,DA ASSEGNARE,,0
PM1,MORT.PISTAC DA 1KG mezza10CM (CONF.10PZ),SALUMIFICIO BBS & C. SNC,DA ASSEGNARE,,0
PM2.5,MORT PISTAC OVALIN 2.5KG META' 12cm,SALUMIFICIO BBS & C. SNC,DA ASSEGNARE,,0
PM3.5,MORT PISTAC OVALIN 3.5KG META' 14cm 5 PZ,SALUMIFICIO BBS & C. SNC,DA ASSEGNARE,,0
PND75,KOMJANC- DOC COLLIO PINOT NERO 0.75L,SOC. AGR. ALESSIO KOMJANC E FIGLI S.S.,DA ASSEGNARE,,0
PND75-17,KOMJANC- DOC COLLIO CABERNET 0.75L,SOC. AGR. ALESSIO KOMJANC E FIGLI S.S.,DA ASSEGNARE,,0
POETA001,GIORGIO POETA - ACACIA 28GR,GIORGIO POETA S.R.L.,DA ASSEGNARE,,0
POETA002,GIORGIO POETA - MILLEFIORI 28GR,GIORGIO POETA S.R.L.,DA ASSEGNARE,,0
POETA004,GIORGIO POETA - STACHYS 28GR,GIORGIO POETA S.R.L.,DA ASSEGNARE,,0
POETA005,GIORGIO POETA - MELATA 28GR,GIORGIO POETA S.R.L.,DA ASSEGNARE,,0
POETA006,GIORGIO POETA - COLZA 28GR,GIORGIO POETA S.R.L.,DA ASSEGNARE,,0
POETA007,GIORGIO POETA - CORIANDOLO 28GR,GIORGIO POETA S.R.L.,DA ASSEGNARE,,0
POETA008,GIORGIO POETA - CASTAGNO 28GR,GIORGIO POETA S.R.L.,DA ASSEGNARE,,0
POETA009,GIORGIO POETA - TIGLIO 28GR,GIORGIO POETA S.R.L.,DA ASSEGNARE,,0
POETA010,GIORGIO POETA - AGRUMI 28GR,GIORGIO POETA S.R.L.,DA ASSEGNARE,,0
POETA011,GIORGIO POETA - EDERA 28GR,GIORGIO POETA S.R.L.,DA ASSEGNARE,,0
POETA013,GIORGIO POETA - TARASSACO 28GR,GIORGIO POETA S.R.L.,DA ASSEGNARE,,0
POETA014,GIORGIO POETA - CARATO 28GR,GIORGIO POETA S.R.L.,DA ASSEGNARE,,0
POETA015,GIORGIO POETA - STELLA 28GR,GIORGIO POETA S.R.L.,DA ASSEGNARE,,0
POETA016,GIORGIO POETA - ACACIA 250GR,GIORGIO POETA S.R.L.,DA ASSEGNARE,,0
POETA017,GIORGIO POETA - MILLEFIORI 250GR,GIORGIO POETA S.R.L.,DA ASSEGNARE,,0
POETA019,GIORGIO POETA - STACHYS 250GR,GIORGIO POETA S.R.L.,DA ASSEGNARE,,0
POETA020,GIORGIO POETA - MELATA 250GR,GIORGIO POETA S.R.L.,DA ASSEGNARE,,0
POETA021,GIORGIO POETA - COLZA 250GR,GIORGIO POETA S.R.L.,DA ASSEGNARE,,0
POETA022,GIORGIO POETA - CORIANDOLO 250GR,GIORGIO POETA S.R.L.,DA ASSEGNARE,,0
POETA023,GIORGIO POETA - CASTAGNO 250GR,GIORGIO POETA S.R.L.,DA ASSEGNARE,,0
POETA024,GIORGIO POETA - TIGLIO 250GR,GIORGIO POETA S.R.L.,DA ASSEGNARE,,0
POETA025,GIORGIO POETA - AGRUMI 250GR,GIORGIO POETA S.R.L.,DA ASSEGNARE,,0
POETA026,GIORGIO POETA - EDERA 250GR,GIORGIO POETA S.R.L.,DA ASSEGNARE,,0
POETA028,GIORGIO POETA - TARASSACO 250GR,GIORGIO POETA S.R.L.,DA ASSEGNARE,,0
POETA029,GIORGIO POETA - CARATO 250GR,GIORGIO POETA S.R.L.,DA ASSEGNARE,,0
POETA030,GIORGIO POETA - STELLA 250GR,GIORGIO POETA S.R.L.,DA ASSEGNARE,,0
POETA031,GIORGIO POETA - CARATO 110GR,GIORGIO POETA S.R.L.,non classificato,,0
POETA032,GIORGIO POETA - STELLA 110GR,GIORGIO POETA S.R.L.,non classificato,,0
POETA033,G.POETA -CONF.BIS IL CARATO&STELLA 110G,GIORGIO POETA S.R.L.,non classificato,,0
POETA036,GIORGIO POETA -CONF.7 MERAVIGLIE(7*28GR),GIORGIO POETA S.R.L.,non classificato,,0
POETA037,POETA -CONF.BIS CAR&STEL 250GR (2*250GR),GIORGIO POETA S.R.L.,non classificato,,0
POETA038,GIORGIO POETA - IDROMIELE CLASSICO 375GR,GIORGIO POETA S.R.L.,non classificato,,0
POETA039,GIORGIO POETA -IDROMIELE BARRICATO 375GR,GIORGIO POETA S.R.L.,non classificato,,0
POETA040,GIORGIO POETA - POLLINE ESSICCATO 100GR,GIORGIO POETA S.R.L.,non classificato,,0
POETA041,GIORGIO POETA - POLLINE FRESCO 100GR,GIORGIO POETA S.R.L.,non classificato,,0
POETA042,GIORGIO POETA - PROPOLI SPRAY 10GR,GIORGIO POETA S.R.L.,non classificato,,0
POETA043,GIORGIO POETA - PROPOLI GOCCE 10GR,GIORGIO POETA S.R.L.,non classificato,,0
POETA046,GIORGIO POETA - BOMBETTA 240GR,GIORGIO POETA S.R.L.,non classificato,,0
POETA047,GIORGIO POETA - BEEPOWER 60GR,GIORGIO POETA S.R.L.,non classificato,,0
POLV.COMPR35,COMPR SPOLVERATA LAMPONE E TART N12 35G,CALUGI S.R.L.,DA ASSEGNARE,,0
POLV.CONOSC60,CONOSCENZA SPOLV POMODORO E TART N7 60G,CALUGI S.R.L.,DA ASSEGNARE,,0
POLV.DELIZIA30,DELIZIA SPOLV CARRUBA E TART N6 30G,CALUGI S.R.L.,DA ASSEGNARE,,0
POLV.VIVACITA45,VIVACITA' SPOLVER BASILICO E TART N5 45G,CALUGI S.R.L.,DA ASSEGNARE,,0
PROPI,BBS - P.C. PARMA DISSOSATO PRESSATO,SALUMIFICIO BBS & C. SNC,DA ASSEGNARE,,0
PROST3PZ,BBS - P.C. P. DISOSSATO A MANO IN TRANCI,SALUMIFICIO BBS & C. SNC,DA ASSEGNARE,,0
PROSTPRT,BBS - P.C. PARMA PRESSATO IN TRANCI,SALUMIFICIO BBS & C. SNC,DA ASSEGNARE,,0
R02,SCRIGNO SORRENTO GENTILE,PASTIFICIO GENTILE SRL,DA ASSEGNARE,,0
R06,BLUE BOX GENTILE 3KG,PASTIFICIO GENTILE SRL,DA ASSEGNARE,,0
R07,SACCO DI JUTA GENTILE,PASTIFICIO GENTILE SRL,DA ASSEGNARE,,0
RA0059,POM GIALLO ERCOLANO NATURALE INTER 580ML,CONSERVE MARRAZZO CARMINE S.R.L.,DA ASSEGNARE,,0
RA0523,SPICCHIOTTI DI POMODORO C/BASILICO 580ML,CONSERVE MARRAZZO CARMINE S.R.L.,DA ASSEGNARE,,0
RA0578,MELA ANNURCA ALLO SCIROPPO 370ML,CONSERVE MARRAZZO CARMINE S.R.L.,DA ASSEGNARE,,0
RA0899,BROCCOLO APRILATICO AL NATURALE 1060ML,CONSERVE MARRAZZO CARMINE S.R.L.,DA ASSEGNARE,,0
RA0900,BROCCOLO APRILATICO AL NATURALE 580ML,CONSERVE MARRAZZO CARMINE S.R.L.,DA ASSEGNARE,,0
RA1018,PESCHE PUTEOLANE ALLO SCIROPPO 580ML,CONSERVE MARRAZZO CARMINE S.R.L.,DA ASSEGNARE,,0
RA1223,BROCCOLO APRILATICO IN CREMA 314ML,CONSERVE MARRAZZO CARMINE S.R.L.,DA ASSEGNARE,,0
RA1230,BROCCOLO APRILATICO IN CREMA 1060ML,CONSERVE MARRAZZO CARMINE S.R.L.,DA ASSEGNARE,,0
RAFI205,RISTORAZIONE - KALAMON 2900GR,QUALITALIA PUGLIA S.R.L.,non classificato,,0
RDNB100,COCKTAIL SALATO - BOX 100GR,VECCHIO VARZI SRL,DA ASSEGNARE,,0
RDNP100,COCKTAIL SALATO - SACCHETTO 100GR,VECCHIO VARZI SRL,DA ASSEGNARE,,0
RDNP1000,COCKTAIL SALATO - SACCHETTO 1000GR,VECCHIO VARZI SRL,DA ASSEGNARE,,0
RDNP250,COCKTAIL SALATO - SACCHETTO 250GR,VECCHIO VARZI SRL,DA ASSEGNARE,,0
RE14,"TAURASI DOCG 2014 ""RENONNO""", AZ. VITIVINICOLA SALVATORE MOLETTIERI,DA ASSEGNARE,,0
RECCOBUC,BUCARELLO RECCO,RECCO ENZO S.R.L.,DA ASSEGNARE,,0
REPE100034,TERRINA DI CONIGLIO AL ROSAMARINO,,non classificato,,0
REPE1000369,APERILOSTE NATURE 500GR,,non classificato,,0
REPE100037,TERRINA DI POLLAMI AL DRAGONCELLO,,non classificato,,0
REPE100048,MINI STICKS NATURE 500GR,,non classificato,,0
REPE100049,MINI STICKS CHORIZO 500GR,,non classificato,,0
REPE1003777,PICALOSTE 40GR - CONF. 50PZ,,non classificato,,0
RGD75,KOMJANC-DOC COLLIO RIBOLLA GIALLA 0.75L,SOC. AGR. ALESSIO KOMJANC E FIGLI S.S.,DA ASSEGNARE,,0
RT PESC LEONFOR,VASCH GEL GUSTO PESCA LEONFORTE IGP1.8KG,MENODICIOTTO S.R.L.,non classificato,,0
S030301,"MARLIN AFF. TRANCI 1-2,5 KG",SMERALDA S.R.L.,DA ASSEGNARE,,0
S040108,SURIMI IN SALAMOIA 900 G,SMERALDA S.R.L.,DA ASSEGNARE,,0
S040111,SURIMI IN SALAMOIA 450 G,SMERALDA S.R.L.,DA ASSEGNARE,,0
S040119,KING PRAWN 800 G,SMERALDA S.R.L.,DA ASSEGNARE,,0
S040701,INSALATA DI MARE EXTRA IN O.G VASCH 2KG,SMERALDA S.R.L.,DA ASSEGNARE,,0
S040702,BASTONCINI FANTASIA IN O.G.VASCHETTA 2KG,SMERALDA S.R.L.,DA ASSEGNARE,,0
S090329,MALLOREDDUS SARDI CASADEL GRANO 500GR,SMERALDA S.R.L.,DA ASSEGNARE,,0
SACCOJUTA,SACCO JUTA GENTILE,PASTIFICIO GENTILE SRL,DA ASSEGNARE,,0
SAD75,KOMJANC- DOC COLLIO SAUVIGNON 0.75L,SOC. AGR. ALESSIO KOMJANC E FIGLI S.S.,DA ASSEGNARE,,0
SARDA1,FILETTI ANGUILLA VASCHETTA 100GR,SARDA AFFUMICATI S.R.L.,DA ASSEGNARE,,0
SARDA13,CODA DI PESCATRICE AFFUMICATA,SARDA AFFUMICATI S.R.L.,DA ASSEGNARE,,0
SARDA2,CERNIA AFFUMICATA BAFFA INTERA,SARDA AFFUMICATI S.R.L.,DA ASSEGNARE,,0
SARDA3,CERNIA AFFUMICATA BUSTA 100GR,SARDA AFFUMICATI S.R.L.,DA ASSEGNARE,,0
SARDA35,TENEREZZE DI SPADA,SARDA AFFUMICATI S.R.L.,DA ASSEGNARE,,0
SARDA36,INSALATA DI MARE SECCHIELLO 3KG,SARDA AFFUMICATI S.R.L.,DA ASSEGNARE,,0
SARDA5,PESCA SPADA TRANCI BUSTE 100GR,SARDA AFFUMICATI S.R.L.,DA ASSEGNARE,,0
SARDA8,STORIONE BELUGA TRANCI,SARDA AFFUMICATI S.R.L.,DA ASSEGNARE,,0
SARDA9,STORIONE BELUGA BUSTA 100GR,SARDA AFFUMICATI S.R.L.,DA ASSEGNARE,,0
SCHIO75,KOMJANC- IGT VG SCHIOPPETTINO 0.75L,SOC. AGR. ALESSIO KOMJANC E FIGLI S.S.,DA ASSEGNARE,,0
SCRIGNOSORREN,SCRIGNO SORRENTO GENTILE,PASTIFICIO GENTILE SRL,DA ASSEGNARE,,0
SCU56-G,GALLINA NOVELLA GOLD 9KG 5PZ,AZIENDA AGRICOLA SCUDELLARO S.AGR.S.,DA ASSEGNARE,,0
SCU56-PE,GALLINA NOVELLA PARZ. EVISC. 9KG 5PZ,AZIENDA AGRICOLA SCUDELLARO S.AGR.S.,DA ASSEGNARE,,0
SCU574,SCUDELLARO SALSA DURELLI,AZIENDA AGRICOLA SCUDELLARO S.AGR.S.,DA ASSEGNARE,,0
SCU60-E,"GALLUSTRO GOLDEN EVISC. 11,5 KG 5PZ",AZIENDA AGRICOLA SCUDELLARO S.AGR.S.,DA ASSEGNARE,,0
SCU60-G,"GALLUSTRO GOLDEN GOLD 11,5 KG 5PZ",AZIENDA AGRICOLA SCUDELLARO S.AGR.S.,DA ASSEGNARE,,0
SCU60-PE,"GALLUSTRO GOLDEN PARZ. EVISC. 11,5 KG 5P",AZIENDA AGRICOLA SCUDELLARO S.AGR.S.,DA ASSEGNARE,,0
SCU61-E,"GALLUSTRO COLLO NUDO EVISC 13,20 KG 4PZ",AZIENDA AGRICOLA SCUDELLARO S.AGR.S.,DA ASSEGNARE,,0
SCU61-G,"GALLUSTRO COLLO NUDO GOLD 13,20 KG 4PZ",AZIENDA AGRICOLA SCUDELLARO S.AGR.S.,DA ASSEGNARE,,0
SCU61-PE,"GALLUSTRO COLLO NUDO PARZ.EV 13,20KG 4PZ",AZIENDA AGRICOLA SCUDELLARO S.AGR.S.,DA ASSEGNARE,,0
SCU62-E,CAPPONE GOLDEN EVISC 13KG 5PZ,AZIENDA AGRICOLA SCUDELLARO S.AGR.S.,DA ASSEGNARE,,0
SCU62-G,CAPPONE GOLDEN GOLD 13KG 5PZ,AZIENDA AGRICOLA SCUDELLARO S.AGR.S.,DA ASSEGNARE,,0
SCU62-PE,CAPPONE GOLDEN PARZ. EVISC 13KG 5PZ,AZIENDA AGRICOLA SCUDELLARO S.AGR.S.,DA ASSEGNARE,,0
SCU63-E,CAPPONE COLLO NUDO EVISC 14KG 4PZ,AZIENDA AGRICOLA SCUDELLARO S.AGR.S.,DA ASSEGNARE,,0
SCU63-G,CAPPONE COLLO NUDO GOLD 14KG 4PZ,AZIENDA AGRICOLA SCUDELLARO S.AGR.S.,DA ASSEGNARE,,0
SCU63-PE,CAPPONE COLLO NUDO PARZ EVISC 14KG 4PZ,AZIENDA AGRICOLA SCUDELLARO S.AGR.S.,DA ASSEGNARE,,0
SCU69-E,"TACCHINELLA FEMM.EVISC. 7,5KG 3PZ",AZIENDA AGRICOLA SCUDELLARO S.AGR.S.,DA ASSEGNARE,,0
SCU69-G,"TACCHINELLA FEMM. GOLD 7,5KG 3PZ",AZIENDA AGRICOLA SCUDELLARO S.AGR.S.,DA ASSEGNARE,,0
SCU69-PE,"TACCHINELLA FEMM. PARZ. EVISC. 7,5KG 3PZ",AZIENDA AGRICOLA SCUDELLARO S.AGR.S.,DA ASSEGNARE,,0
SCU71-E,OCA ROMAGNOLA EVISC. 7KG 2PZ,AZIENDA AGRICOLA SCUDELLARO S.AGR.S.,DA ASSEGNARE,,0
SCU71-G,OCA ROMAGNOLA GOLD 7KG 2PZ,AZIENDA AGRICOLA SCUDELLARO S.AGR.S.,DA ASSEGNARE,,0
SCU71-PE,OCA ROMAGNOLA PARZ. EVISC. 7KG 2PZ,AZIENDA AGRICOLA SCUDELLARO S.AGR.S.,DA ASSEGNARE,,0
SCU801,CONIGLIO DISOSSATO 1 KG,AZIENDA AGRICOLA SCUDELLARO S.AGR.S.,DA ASSEGNARE,,0
SCU8176,SCUDELLARO POLLETTO PRONTO GRIGLIA (SV),AZIENDA AGRICOLA SCUDELLARO S.AGR.S.,DA ASSEGNARE,,0
SF0561,BROCCOLO APRILATICOIN AL NATURALE GR.500,CONSERVE MARRAZZO CARMINE S.R.L.,DA ASSEGNARE,,0
SF0899,BROCCOLO APRILATICO AL NATURALE 1000 GR,CONSERVE MARRAZZO CARMINE S.R.L.,DA ASSEGNARE,,0
SFIPP,LO SFIZIO PURA PECORA (30PZX70GR),FORMAGGERIA TOSCANA S.R.L.,DA ASSEGNARE,,0
SHOPPER3KG,SHOPPER GENTILE 3KG,PASTIFICIO GENTILE SRL,DA ASSEGNARE,,0
SM-R20,IRPINIA DOC ROSATO 2020, AZ. VITIVINICOLA SALVATORE MOLETTIERI,DA ASSEGNARE,,0
SO.CAVOLI0314,CAVOLO CAPPUCCIO TOSC. SOTT'OLIO 250G,CALUGI S.R.L.,DA ASSEGNARE,,0
SOTSCAL0314,SCALOGNO SOTT'OLIO GR.280,MONGETTO SOC. COOP.,non classificato,,0
SOTSCAL1062,SCALOGNO SOTT'OLIO GR.1000,MONGETTO SOC. COOP.,non classificato,,0
SOTSCAL3100,SCALOGNO SOTT'OLIO GR.2900,MONGETTO SOC. COOP.,non classificato,,0
SPACCATELLE580,SPACCATELLE DI POMODORO VASO DA 580ML,MASSERIA DAUNA DI SGS AGRICOLA SRL,DA ASSEGNARE,,0
SPOL.FORM50QUA,SPOLVERATA FORMAGGIO E TART BIANCO 50G,CALUGI S.R.L.,DA ASSEGNARE,,0
SUGPEPI0035,PEPITO GR.35,MONGETTO SOC. COOP.,non classificato,,0
SUGPEPI0212,PEPITO GR.200,MONGETTO SOC. COOP.,non classificato,,0
SUGPEPI1062,PEPITO GR.1000,MONGETTO SOC. COOP.,non classificato,,0
T.CO2244,MARRAZZO CONFETT MANDARINI SORRENTO 350G,CONSERVE MARRAZZO CARMINE S.R.L.,DA ASSEGNARE,,0
T12,TAURASI DOCG  2012 CINQUE QUERCE, AZ. VITIVINICOLA SALVATORE MOLETTIERI,DA ASSEGNARE,,0
TBTTO30,TART.BIANCHETTO AL NATURALE 80/37GR,CALUGI S.R.L.,DA ASSEGNARE,,0
TESTA38,LINEA SUGARELLO OLIO EXTR.OLIVA 290G 12P,TESTA 2.0 S.R.L.,non classificato,,0
TILSITER,TILSITER,LA CASERA S.R.L.,DA ASSEGNARE,,0
TN201P,"SODA WATER VAP. LT. 0,20 CT DA 24 PEZZI",ENRICO PAOLETTI &FIGLI SRL,non classificato,,0
TN203P,"GINGER BEER VAP. LT. 0,20 CT DA 24 PEZZI",ENRICO PAOLETTI &FIGLI SRL,non classificato,,0
TN204P,"AP APERITIO VAP. LT. 0,20 CT DA 24 PEZZI",ENRICO PAOLETTI &FIGLI SRL,non classificato,,0
TOMA28921,CASERA- MORBIDONE,LA CASERA S.R.L.,non classificato,,0
TORRONCINI,TORRONCINO 14PZ,MENODICIOTTO S.R.L.,non classificato,,0
TR0219,PATATE NOVELLE AL NATURALE 3KG,CONSERVE MARRAZZO CARMINE S.R.L.,DA ASSEGNARE,,0
TR0226,PATATE A FETTE AL NATURALE 3KG,CONSERVE MARRAZZO CARMINE S.R.L.,DA ASSEGNARE,,0
TR0424,FINOCCHI SPICCHI NATURALE 3KG,CONSERVE MARRAZZO CARMINE S.R.L.,DA ASSEGNARE,,0
TR07,TAURASI DOCG RISERVA 2007 CINQUE QUERCE, AZ. VITIVINICOLA SALVATORE MOLETTIERI,DA ASSEGNARE,,0
TR0806,CAVOLI AL NATURALE 3KG,CONSERVE MARRAZZO CARMINE S.R.L.,DA ASSEGNARE,,0
TRD75,KOMJANC- DOC COLLIO TRAMINER 0.75L,SOC. AGR. ALESSIO KOMJANC E FIGLI S.S.,DA ASSEGNARE,,0
U.GRATTUGIA,CALUGI - GRATTUGIA LUNGA,CALUGI S.R.L.,DA ASSEGNARE,,0
UNMONDODIGUSTO,CONF. REGALO UN MONDO DI GUSTO,PASTIFICIO GENTILE SRL,DA ASSEGNARE,,0
V05140GE0750,CRUCOLO - GEWURZTRAMINER DOC,CRUCOLO S.R.L.,DA ASSEGNARE,,0
V05140LA0750,CRUCOLO - LAGREIN TRENTINO,CRUCOLO S.R.L.,DA ASSEGNARE,,0
V05140MA0750,CRUCOLO - MARZEMINO DOC TRENTINO,CRUCOLO S.R.L.,DA ASSEGNARE,,0
V05140MU0750,CRUCOLO - MULLER THURGAU DOC,CRUCOLO S.R.L.,DA ASSEGNARE,,0
V05140TE0750,CRUCOLO - TEROLDEGO ROTALIANO DOC,CRUCOLO S.R.L.,DA ASSEGNARE,,0
V140010750,CRUCOLO -SOLARIS 2018 VIGN DELLE DOL IGT,CRUCOLO S.R.L.,DA ASSEGNARE,,0
V140020750,CRUCOLO -EXTRA BRUT TRENTO DOC CHARD100%,CRUCOLO S.R.L.,DA ASSEGNARE,,0
V140030750,CRUCOLO - PINOT NERO 2017,CRUCOLO S.R.L.,DA ASSEGNARE,,0
V140040750,CRUCOLO - CHARDONNAY 2017,CRUCOLO S.R.L.,DA ASSEGNARE,,0
V140050750,CRUCOLO -BRUT ROSE TRENTO DOC PI NE 100%,CRUCOLO S.R.L.,DA ASSEGNARE,,0
VA2016,ROSSO TERRE DEGLI OSCI IGT 75CL,SOC. AGRICOLA VI.NI.CA. S.R.L.,DA ASSEGNARE,,0
VB2019,TREBBIANO TERRE DEGLI OSCI IGT 75CL,SOC. AGRICOLA VI.NI.CA. S.R.L.,DA ASSEGNARE,,0
VF2019,BIANCO FRIZZANTE OUTSIDER BIO 75CL,SOC. AGRICOLA VI.NI.CA. S.R.L.,DA ASSEGNARE,,0
VG2016,SANGIOVESE DEL MOLISE DOC 75CL,SOC. AGRICOLA VI.NI.CA. S.R.L.,DA ASSEGNARE,,0
VI1113,VEGANICE COPPETTA 70GR VANIGLIA,LA VIA LATTEA SOC COOP,non classificato,,0
VI1114,VEGANICE COPPETTA 70GR CACAO,LA VIA LATTEA SOC COOP,non classificato,,0
VI1602,NATURICE CIOCCOLATO BARATTOLO 500ML,LA VIA LATTEA SOC COOP,non classificato,,0
VI1605,NATURICE FRAGOLA BARATTOLO 500ML,LA VIA LATTEA SOC COOP,non classificato,,0
VI1606,NATURICE FRUTTI DI BOSCO BARATTOLO 500ML,LA VIA LATTEA SOC COOP,non classificato,,0
VI1614,NATURICE VANIGLIA BARATTOLO 500ML,LA VIA LATTEA SOC COOP,non classificato,,0
VI1616,NATURICE VARIEG AMARENA BARATTOLO 500ML,LA VIA LATTEA SOC COOP,non classificato,,0
VI1630,VEGANICE BARATTOLO 500ML VANIGLIA,LA VIA LATTEA SOC COOP,non classificato,,0
VI1631,VEGANICE BARATTOLO 500ML CACAO,LA VIA LATTEA SOC COOP,non classificato,,0
VI1706,VEGANICE SORB MANGO MULTIPACK 3PZX75GR,LA VIA LATTEA SOC COOP,non classificato,,0
VI1730,VEGANICE CONO VANIGLIA 80GR,LA VIA LATTEA SOC COOP,non classificato,,0
VI2017,SAUVIGNON DEL MOLISE DOC 75CL,SOC. AGRICOLA VI.NI.CA. S.R.L.,DA ASSEGNARE,,0
VI2601,SOIAICE BARATTOLO 500ML VANIGLIA,LA VIA LATTEA SOC COOP,non classificato,,0
VI2602,SOIAICE BARATTOLO 500ML CACAO,LA VIA LATTEA SOC COOP,non classificato,,0
VI2604,SOIAICE BARATTOLO 500ML VARIEGATO CIOCCO,LA VIA LATTEA SOC COOP,non classificato,,0
VI2607,SOIAICE BARATTOLO 500ML VARIEGATO AMAREN,LA VIA LATTEA SOC COOP,non classificato,,0
VINC500,VINCOTTO BOTTIGLIA 500ML,GEVO FOOD SRL,non classificato,,0
VM2016,MERLOT DEL MOLISE DOC 75CL,SOC. AGRICOLA VI.NI.CA. S.R.L.,DA ASSEGNARE,,0
VO2018,TINTILIA MOLISE ROSATO DOC BIO 75CL,SOC. AGRICOLA VI.NI.CA. S.R.L.,DA ASSEGNARE,,0
VP2018,B. PASSITO IGT - NUVOLA DI PIE' BIO 75CL,SOC. AGRICOLA VI.NI.CA. S.R.L.,DA ASSEGNARE,,0
VR2015,TINTILIA MOLISE DOC RISERVA 75CL,SOC. AGRICOLA VI.NI.CA. S.R.L.,DA ASSEGNARE,,0
VR2019,RIESLING TERRE DEGLI OSCI IGT 75CL,SOC. AGRICOLA VI.NI.CA. S.R.L.,DA ASSEGNARE,,0
VT2015,TINTILIA MOLISE DOC 75CL,SOC. AGRICOLA VI.NI.CA. S.R.L.,DA ASSEGNARE,,0
VT2019,TINTILIA MOLISE ROSSO DOC BEAT 75CL,SOC. AGRICOLA VI.NI.CA. S.R.L.,DA ASSEGNARE,,0
YELLOWPAPRIKA45,SUPERBON - GUSTO PAPRIKA GIALLA 45G,SA SUPERSEC,DA ASSEGNARE,,0
*411,CAPULIATO DI CILIEGUNO SECCO - 300GR,PACHINEAT SRL,DA ASSEGNARE,,0
00002,CASERA- BETTELMATT SELEZIONE,LA CASERA S.R.L.,DA ASSEGNARE,,0
00013,CASERA- SOLA SEMISTAGIONATA LATTE CRUDO,LA CASERA S.R.L.,DA ASSEGNARE,,0
0002,CASERA- CHEGGIO D'ALPE,LA CASERA S.R.L.,non classificato,,0
00034,CASERA- PUZZONE DI MOENA,LA CASERA S.R.L.,non classificato,,0
00042,CASERA- PAGLIETTA DELLE LANGHE (4PZ),LA CASERA S.R.L.,DA ASSEGNARE,,0
00048Q,CASERA- COMTE PETITE RESERVE 20M 1/4,LA CASERA S.R.L.,DA ASSEGNARE,,0
00048S,CASERA- COMTE PETITE RESERVE 20M 1/16,LA CASERA S.R.L.,DA ASSEGNARE,,0
00049,LA CASERA - LA RUGOSA (4PZ DA 350GR),LA CASERA S.R.L.,non classificato,,0
00052,CA-TOMETTA CREMOSA PECORA CARLETTA (4PZ),LA CASERA S.R.L.,DA ASSEGNARE,,0
00054,CASERA- MURAZZANO DOP,LA CASERA S.R.L.,non classificato,,0
00057,CASERA- QUADROTTA DELLE LANGHE,LA CASERA S.R.L.,DA ASSEGNARE,,0
00060,CASERA- MAGGIOLINA,LA CASERA S.R.L.,non classificato,,0
00062,CASERA- LA VALLIGIANA,LA CASERA S.R.L.,non classificato,,0
00078,CASERA- SALVA CREMASCO DOP,LA CASERA S.R.L.,DA ASSEGNARE,,0
00097,LA CASERA - QUADRO AL CARBONE 6PZ,LA CASERA S.R.L.,non classificato,,0
00102,LA CASERA - PIZZO 3 SIGNORI,LA CASERA S.R.L.,DA ASSEGNARE,,0
00104,CASERA- CASTELMAGNO DOP STAGIONATO,LA CASERA S.R.L.,DA ASSEGNARE,,0
001403,CASERA- PECORA NERA,LA CASERA S.R.L.,non classificato,,0
001404,CASERA- BIRRETTA LA TOMETTA,LA CASERA S.R.L.,non classificato,,0
00166,CASERA- FIORE D'ALPE,LA CASERA S.R.L.,DA ASSEGNARE,,0
00187,"LA CASERA - BRANDANI ""TIPO GIROLLE""",LA CASERA S.R.L.,non classificato,,0
00258,CASERA- PEGHERELLA ALLE VINACCE,LA CASERA S.R.L.,DA ASSEGNARE,,0
00263,CASERA- ROSSO DI LAGO (CONF. 4 PZ),LA CASERA S.R.L.,DA ASSEGNARE,,0
00281,CA-QUADREL PECORA LATTE CRUDO(4PZ-250GR),LA CASERA S.R.L.,non classificato,,0
00312,CASERA- SOTTOBOSCO DI NORCIA,LA CASERA S.R.L.,non classificato,,0
00376,CAS-ROBIOLINA 3 LATTI IN FOGLIA CASTAGNO,LA CASERA S.R.L.,DA ASSEGNARE,,0
00398,CA- SBUFALOTTA INTERA 5KG,LA CASERA S.R.L.,DA ASSEGNARE,,0
00398M,"CA- SBUFALOTTA META' 2,5 KG",LA CASERA S.R.L.,DA ASSEGNARE,,0
00537,CASERA- RAGUSANO DOP 3.5KG,LA CASERA S.R.L.,DA ASSEGNARE,,0
00628,CASERA- LE GRUYERE D'ALPAGE SPICCHI 3KG,LA CASERA S.R.L.,DA ASSEGNARE,,0
00660,CASERA- CASSETTA SELEZIONE DOLCE MUCCA,LA CASERA S.R.L.,DA ASSEGNARE,,0
00677,TOMETTA AGLI AROMI,LA CASERA S.R.L.,DA ASSEGNARE,,0
00711,LA CASERA - MOSAICO 2 LATTI 280G 8PZ,LA CASERA S.R.L.,DA ASSEGNARE,,0
00723,CASERA-EMMENTALER BIANCO SPICCHI S/V 8KG,LA CASERA S.R.L.,non classificato,,0
00741,CASERA- PIERINO NATURALE GR100 (9PZ),LA CASERA S.R.L.,DA ASSEGNARE,,0
00757,CASERA- GIALLOBLU,LA CASERA S.R.L.,non classificato,,0
00769,CASERA-TOMETTA LATTE CRUD-MINIMINI 400GR,LA CASERA S.R.L.,non classificato,,0
00800,CASERA- MALFATTO AROMATICO AL FIENO,LA CASERA S.R.L.,DA ASSEGNARE,,0
00852,LA CASERA - MISTO D'ALPE VIGEZZO 10 KG,LA CASERA S.R.L.,DA ASSEGNARE,,0
00877,CASERA- GARIBALDI DI VACCA AL MARSALA,LA CASERA S.R.L.,non classificato,,0
00918,BEURRE ISI AOP 5KG,LA CASERA S.R.L.,DA ASSEGNARE,,0
01032,CASERA- MACCAGNETTA BURATTI,LA CASERA S.R.L.,non classificato,,0
01094,CASERA- CACIO ERCOLE GRAN RISERVA,LA CASERA S.R.L.,DA ASSEGNARE,,0
01136,CASERA-TOMETTA LATTE CRUDO-CAMILLA 400GR,LA CASERA S.R.L.,DA ASSEGNARE,,0
01137,LA CASERA - IL GRIGNONE,LA CASERA S.R.L.,DA ASSEGNARE,,0
01169,CASERA-TOMETTA LATTE CRUDO-OLIVETTA400GR,LA CASERA S.R.L.,non classificato,,0
01226M,CA- GOUDA FARMSTEAD PRESIDIUM 48+ META',LA CASERA S.R.L.,DA ASSEGNARE,,0
01226O,CA- GOUDA FARMSTEAD PRESIDIUM 48+ 1/8,LA CASERA S.R.L.,DA ASSEGNARE,,0
01226Q,CA- GOUDA FARMSTEAD PRESIDIUM 48+ QUARTO,LA CASERA S.R.L.,DA ASSEGNARE,,0
01244,CASERA- TORTA CON ALBICOCCHE TRONCHETTO,LA CASERA S.R.L.,non classificato,,0
01246,CASERA- TORTA CON UVETTA TRONCHETTO,LA CASERA S.R.L.,non classificato,,0
01249,CASERA- OSSOLANO,LA CASERA S.R.L.,DA ASSEGNARE,,0
01283,C-TOMETTA LATTE CRUDO - DRAGONELLA 400GR,LA CASERA S.R.L.,non classificato,,0
01301,CASERA- BAGOSS D'ALPEGGIO OTTAVO 2.8KG,LA CASERA S.R.L.,DA ASSEGNARE,,0
01309,CASERA- BRE' IL FORMAGGIO 10KG,LA CASERA S.R.L.,DA ASSEGNARE,,0
01313,CASERA- CIMA ROSA,LA CASERA S.R.L.,non classificato,,0
01339,CASERA- CACIOTTA CAPRI',LA CASERA S.R.L.,DA ASSEGNARE,,0
01343,CASERA- FIOR DI TIGLIO,LA CASERA S.R.L.,DA ASSEGNARE,,0
01347,CASERA- ORO BLACK,LA CASERA S.R.L.,DA ASSEGNARE,,0
01359,LA CASERA- LINGOTT DI PECORA 1KG,LA CASERA S.R.L.,DA ASSEGNARE,,0
01363,CASERA- TESTUN VACCA LATTE CRUDO,LA CASERA S.R.L.,DA ASSEGNARE,,0
01370,CASERA- CASTEL J,LA CASERA S.R.L.,DA ASSEGNARE,,0
01375,CASERA-CASSETT SELEZIONE SALUTI DA INTRA,LA CASERA S.R.L.,non classificato,,0
01398,CASERA- FORMAGGIO LATTERIA CRUDO,LA CASERA S.R.L.,non classificato,,0
01404,CASERA- GIRELLINO 500GR,LA CASERA S.R.L.,DA ASSEGNARE,,0
01406,CASERA- PAN CRUDO,LA CASERA S.R.L.,DA ASSEGNARE,,0
01409,CASERA- TUTTO TONDO,LA CASERA S.R.L.,non classificato,,0
01415,CASERA- ETIVAZ AOC ALPAGE,LA CASERA S.R.L.,DA ASSEGNARE,,0
01423,CASERA- FORMAGELLA PEGHERELLA,LA CASERA S.R.L.,DA ASSEGNARE,,0
01425,CASERA- ROSSO DI PECORA SIENA,LA CASERA S.R.L.,DA ASSEGNARE,,0
01436,CASERA- TUMALIN CAGLIO VEGETALE,LA CASERA S.R.L.,non classificato,,0
01466,CASERA- MOTTARONE LATTE CRUDO,LA CASERA S.R.L.,DA ASSEGNARE,,0
01470,CASERA- QUADROTTA DEL LAGO D'ORTA (4PZ),LA CASERA S.R.L.,non classificato,,0
01475,CASERA- VALTUNT DELLA VALSASSINA,LA CASERA S.R.L.,DA ASSEGNARE,,0
01476,CASERA- ROCCA DI MONTAGNA,LA CASERA S.R.L.,non classificato,,0
01477,CASERA- EVELINA FORMAGELLA,LA CASERA S.R.L.,non classificato,,0
01481,CASERA- MONTEGRAPPA STAGIONATO,LA CASERA S.R.L.,non classificato,,0
01487,CASERA-EGIZIA LATTE CRUTO 350GR*8PZ,LA CASERA S.R.L.,non classificato,,0
01490,CASERA- BRANCALEONE,LA CASERA S.R.L.,DA ASSEGNARE,,0
01508,CASERA- MORBIDONE AL FIENO,LA CASERA S.R.L.,DA ASSEGNARE,,0
01527,CASERA- RUSSIN LATTE CRUDO,LA CASERA S.R.L.,non classificato,,0
01535,CASERA- PICCHIO VERDE - 5KG,LA CASERA S.R.L.,DA ASSEGNARE,,0
01536,CASERA- TRIFULOT - 7 KG,LA CASERA S.R.L.,DA ASSEGNARE,,0
01537,CASERA- GROTTESCO - 7 KG,LA CASERA S.R.L.,DA ASSEGNARE,,0
01542,CASERA- L'ARLECCHINA - 5KG,LA CASERA S.R.L.,DA ASSEGNARE,,0
01560,CASERA- ZERO ZERO - 1.8KG,LA CASERA S.R.L.,non classificato,,0
019.00.2-02364,ZUPPA 6 CEREALI/ATM P. 300GR,AGRICOLA LODIGIANA S.R.L.,DA ASSEGNARE,,0
047,ALFABETO 500GR,PASTIFICIO GENTILE SRL,DA ASSEGNARE,,0
05101PA100,CRUCOLO - PARAMPAMPOLI -1L,CRUCOLO S.R.L.,DA ASSEGNARE,,0
05101PA1000,CRUCOLO - PARAMPAMPOLI - 1L,CRUCOLO S.R.L.,DA ASSEGNARE,,0
05102PA0500,CRUCOLO - PARAMPAMPOLI - 0.5L,CRUCOLO S.R.L.,DA ASSEGNARE,,0
05190FF1000,CRUCOLO-CRUCOLOSO FORMAGGIO CREMOSO 1KG,CRUCOLO S.R.L.,DA ASSEGNARE,,0
111FD0500TRSV,CRUCOLO - IL PIU DOLCE - TRANCI 12PZ,CRUCOLO S.R.L.,DA ASSEGNARE,,0
111FD9999CS,CRUCOLO - IL PIU DOLCE - INTERA,CRUCOLO S.R.L.,DA ASSEGNARE,,0
111FS0000MESV,CRUCOLO - IL PIU SAPORITO - MEZZA,CRUCOLO S.R.L.,DA ASSEGNARE,,0
112FS9999,CRUCOLO - IL PIU GRANDE,CRUCOLO S.R.L.,DA ASSEGNARE,,0
1231190,VALSAMOGGIA - FORMAGGIO 3 LATTI SELEZ.,CASEIFICIO VALSAMOGGIA S.N.C. ,DA ASSEGNARE,,0
14020002,CRUCOLO - BAUERNSPECK A META',CRUCOLO S.R.L.,DA ASSEGNARE,,0
14020007,CRUCOLO - BAUERNSPECK TRANCI,CRUCOLO S.R.L.,DA ASSEGNARE,,0
1MABX24PV8,TOMARCHIO MANDARINO BIO 25CL - 6PZ,SIBAT TOMARCHIO S.R.L.,non classificato,,0
24010003,CRUCOLO - LISTARELLE DI PANCET AFF 100GR,CRUCOLO S.R.L.,DA ASSEGNARE,,0
800017,TAVOLO METRATO,CRUCOLO S.R.L.,DA ASSEGNARE,,0
8015493004505,DELFINO - ALICETTE GUSTOSE 212ML,DELFINO BATTISTA SRL,DA ASSEGNARE,,0
8033315440089,POM ESSICCATI VALLE DEL SARNO GR.200,DANI COOP SOC. COOP. AGRIC.,non classificato,,0
8033315440294,LUCARIELLO POM. GIALLO INTERO VASO 520GR,DANI COOP SOC. COOP. AGRIC.,non classificato,,0
903,POMODORI S. MARZANO DOP NATURALE 1000GR,PASTIFICIO GENTILE SRL,non classificato,,0
917,CARC. VIOL. ARROSTITO SCHITO 280GR,PASTIFICIO GENTILE SRL,non classificato,,0
924,CONFET EXTRA MELE ANNURCHE VESUVIO 320GR,PASTIFICIO GENTILE SRL,DA ASSEGNARE,,0
928,PERCOCA CAMPANIA SCIROPPATA 1026GR,PASTIFICIO GENTILE SRL,DA ASSEGNARE,,0
929,ALBICOCCHE VESUVIO SCIROPPATE 1026GR,PASTIFICIO GENTILE SRL,DA ASSEGNARE,,0
A17,IRPINIA DOC AGLIANICO 2017 CINQUE QUERCE, AZ. VITIVINICOLA SALVATORE MOLETTIERI,DA ASSEGNARE,,0
ABB0011,MUCCA CERATO GRANDE,ADRIANO AZZARRI RAPPRESENTANZE S.A.S.,DA ASSEGNARE,,0
ABB0012,MUCCA CERATO PICCOLO,ADRIANO AZZARRI RAPPRESENTANZE S.A.S.,DA ASSEGNARE,,0
ABB0016,MUCCA ROSSO SIENA,ADRIANO AZZARRI RAPPRESENTANZE S.A.S.,DA ASSEGNARE,,0
ABB007,MAIDEA- SEDANI RIGATI GR.500,PASTIFICIO MAIDEA SRL,DA ASSEGNARE,,0
ACCFORNELLO,FORNELLO PER BAGNA CAUDA,MONGETTO SOC. COOP.,non classificato,,0
AFF-AN100-150,ANGUILLA SELVATICA AFFUM. 80/130GR-5PZ, WORK AND BELONG s.c.s,non classificato,,0
AFF-CEF100-200,FILETTO DI CEFALO AFFUMICATO 100-200G CA, WORK AND BELONG s.c.s,non classificato,,0
ALBA625,QUADROTTO CIOCCOLATO 8 PORZIONI,DOLCERIA ALBA SPA,DA ASSEGNARE,,0
AN53103,OL TAGGIASCHE IN SALAMOIA 2000 GR,OLIO ANFOSSO S.R.L.,DA ASSEGNARE,,0
AR100AGLIO,GUGLIELMI - AROMATIZZATO AGLIO 100ML,GUGLIELMI SAVERIO DI GUGLIELMI R. E V. SNC,DA ASSEGNARE,,0
AR100ARANCIA,GUGLIELMI - AROMATIZZATO ARANCIA 100ML,GUGLIELMI SAVERIO DI GUGLIELMI R. E V. SNC,DA ASSEGNARE,,0
AR100BASILICO,GUGLIELMI  AROMATIZZATO BAS. SPRAY100ML,GUGLIELMI SAVERIO DI GUGLIELMI R. E V. SNC,DA ASSEGNARE,,0
AR100BERGAMOTTO,GUGLIELMI AROMATIZZATO BERGAMOTTO100ML,GUGLIELMI SAVERIO DI GUGLIELMI R. E V. SNC,DA ASSEGNARE,,0
AR100LIMONE,GUGLIELMI - AROMATIZZATO LIMONE 100ML,GUGLIELMI SAVERIO DI GUGLIELMI R. E V. SNC,DA ASSEGNARE,,0
AR100SPRAYAGLIO,GUGLIELMI - AROMATIZZATO AGLIO 100ML,GUGLIELMI SAVERIO DI GUGLIELMI R. E V. SNC,DA ASSEGNARE,,0
AR250MENTA,GUGLIELMI - AROMATIZZATO MENTA 250ML,GUGLIELMI SAVERIO DI GUGLIELMI R. E V. SNC,DA ASSEGNARE,,0
AR250SCALOGNO,GUGLIELMI - AROMATIZZATO SCALOGNO 250ML,GUGLIELMI SAVERIO DI GUGLIELMI R. E V. SNC,DA ASSEGNARE,,0
AR250SEDANO,GUGLIELMI - AROMATIZZATO SEDANO 250ML,GUGLIELMI SAVERIO DI GUGLIELMI R. E V. SNC,DA ASSEGNARE,,0
BAGFRU3,GUGLIELMI - BAG IN BOX FRUTTATO LT.3,GUGLIELMI SAVERIO DI GUGLIELMI R. E V. SNC,DA ASSEGNARE,,0
BANCOISA6CREME,BANCO A POZZETTI ISA MOD. FESTIVAL CREME,MENODICIOTTO S.R.L.,non classificato,,0
BASPIGIP8,GIGANTE PORZIONATO IN OTTAVI (5 PUNTE),FORMAGGERIA TOSCANA S.R.L.,DA ASSEGNARE,,0
BB2321,BIOBONTA - SALSA MEXICANA 130GR,TUTTOVO SRL,DA ASSEGNARE,,0
BB2345,BIOBONTA - BAG IN BOX VINAIGRETTE CE 3KG,TUTTOVO SRL,DA ASSEGNARE,,0
BB2350,BIOBONTA - SALSA AI TRE PEPI 130GR,TUTTOVO SRL,DA ASSEGNARE,,0
BBSCU,CULACCIA CON ANCHETTA INTERA,SALUMIFICIO BBS & C. SNC,DA ASSEGNARE,,0
BBSVRN1,MORT. CL. VESCICA RIGENERATA 17CM 5KG,SALUMIFICIO BBS & C. SNC,DA ASSEGNARE,,0
BELI01,BELISARIO - CIUOTO E REGINA 500GR,AZIENDA AGRICOLA BELISARIO,DA ASSEGNARE,,0
BELI02,BELISARIO - VERDOLINO 500GR,AZIENDA AGRICOLA BELISARIO,DA ASSEGNARE,,0
BELI03,BELISARIO - CANNELLINO 500GR,AZIENDA AGRICOLA BELISARIO,DA ASSEGNARE,,0
BELI04,BELISARIO - TABACCHINO 500GR,AZIENDA AGRICOLA BELISARIO,DA ASSEGNARE,,0
BELI05,BELISARIO - CANNELLINO NERO 500GR,AZIENDA AGRICOLA BELISARIO,DA ASSEGNARE,,0
BELI06,BELISARIO - CANNELLINO ROSSO 500GR,AZIENDA AGRICOLA BELISARIO,DA ASSEGNARE,,0
BELI07,BELISARIO - MUNACHEDDA NERA 500GR,AZIENDA AGRICOLA BELISARIO,DA ASSEGNARE,,0
BELI08,BELISARIO - FASULLI RISI 500GR,AZIENDA AGRICOLA BELISARIO,DA ASSEGNARE,,0
BELI09,BELISARIO - NASIEDDU ROSSO 500GR,AZIENDA AGRICOLA BELISARIO,DA ASSEGNARE,,0
BELI15,BELISARIO - ZUPPA CONTADINA 500GR,AZIENDA AGRICOLA BELISARIO,DA ASSEGNARE,,0
BI0875,CREMA POMODORI VERDI BIO 314ML,CONSERVE MARRAZZO CARMINE S.R.L.,DA ASSEGNARE,,0
BI1216,BROCCOLI NAPOLETANI BIO AL NATURALE 1KG,CONSERVE MARRAZZO CARMINE S.R.L.,DA ASSEGNARE,,0
BI1315,BROCCOLI NAPOLETANI BIO NATURALE 500GR,CONSERVE MARRAZZO CARMINE S.R.L.,DA ASSEGNARE,,0
BLUBOX5KG,BLUE BOX GENTILE 5 KG,PASTIFICIO GENTILE SRL,DA ASSEGNARE,,0
BLUEBOX,BLUE BOX GENTILE 10KG,PASTIFICIO GENTILE SRL,DA ASSEGNARE,,0
BLUEBOX3KG,BLUE BOX 3KG,PASTIFICIO GENTILE SRL,DA ASSEGNARE,,0
BOS-SP0052,BOSCHI PET ALLORO 180G,BOSCHI SRL,DA ASSEGNARE,,0
BOS-SP0053,BOSCHI PET BASILICO 130G,BOSCHI SRL,DA ASSEGNARE,,0
BOS-SP0054,BOSCHI PET CANNELLA 350G,BOSCHI SRL,DA ASSEGNARE,,0
BOS-SP0057,BOSCHI PET CURRY MADRAS 350G,BOSCHI SRL,DA ASSEGNARE,,0
BOS-SP0063,BOSCHI PET MAGGIORANA 75G,BOSCHI SRL,DA ASSEGNARE,,0
BOS-SP0066,BOSCHI PET SEMI DI PAPAVERO 400G,BOSCHI SRL,DA ASSEGNARE,,0
BOS-SP0067,BOSCHI PET PAPRICA 400G,BOSCHI SRL,DA ASSEGNARE,,0
BOS-SP0074,BOSCHI PET PREZZEMOLO 100G,BOSCHI SRL,DA ASSEGNARE,,0
BOS-SP0076,BOSCHI PET SALVIA 150G,BOSCHI SRL,DA ASSEGNARE,,0
BOS-SP0077,BOSCHI PET  TIMO 150G,BOSCHI SRL,DA ASSEGNARE,,0
BOS-SP0078,BOSCHI PET  ZENZERO 320G,BOSCHI SRL,DA ASSEGNARE,,0
BOS-SP0079,BOSCHI PET  CUMINO MACINATO 390G,BOSCHI SRL,DA ASSEGNARE,,0
BOS-SP0082,BOSCHI PET MEDITERRANEO 650G,BOSCHI SRL,DA ASSEGNARE,,0
BOS-SP0085,BOSCHI PET VEGGIE 650G,BOSCHI SRL,DA ASSEGNARE,,0
BOS-SP0086,BOSCHI PET CARNE ROSSA 340G,BOSCHI SRL,DA ASSEGNARE,,0
BOS-SP0087,BOSCHI PET MARINARA 290G,BOSCHI SRL,DA ASSEGNARE,,0
BOS-SP0088,BOSCHI PET PATATE 340G,BOSCHI SRL,DA ASSEGNARE,,0
BOS-SP0103,BOSCHI MACININO PEPATO 250G,BOSCHI SRL,DA ASSEGNARE,,0
BOS-SP0111,BOSCHI PET PIZZA 150G,BOSCHI SRL,DA ASSEGNARE,,0
BOS-SP0173,BOSCHI PET  MIX PEPI 350G,BOSCHI SRL,DA ASSEGNARE,,0
BOS-SP0180,BOSCHI CAJUN BBQ 75G,BOSCHI SRL,DA ASSEGNARE,,0
BOS-SP0181,BOSCHI PIZZA 22G,BOSCHI SRL,DA ASSEGNARE,,0
BOS-SP0186,BOSCHI SESAMO SEMI 50G,BOSCHI SRL,DA ASSEGNARE,,0
BOS-SP0191,BOSCHI PET BRACIATA TOSCANA 275G,BOSCHI SRL,DA ASSEGNARE,,0
BOS-SP0193,BOSCHI PET CAJUN BBQ 500G,BOSCHI SRL,DA ASSEGNARE,,0
BOS-SP0194,BOSCHI PET ASIAN BBQ 500G,BOSCHI SRL,DA ASSEGNARE,,0
BR75,KOMJANC- DOC COLLIO BIANCO BRATJE 0.75L,SOC. AGR. ALESSIO KOMJANC E FIGLI S.S.,DA ASSEGNARE,,0
C1,MORTAD CLAS DA 1KG 10CM (CONF. 5pz),SALUMIFICIO BBS & C. SNC,DA ASSEGNARE,,0
C1.5,MORT CL OVALINA 1.5KG 12CM (CONF 5PZ),SALUMIFICIO BBS & C. SNC,DA ASSEGNARE,,0
C100,MORT. CL. SILURO 100KG,SALUMIFICIO BBS & C. SNC,DA ASSEGNARE,,0
C5,MORT. CL. VESCICA RIGENERATA 17CM 5KG,SALUMIFICIO BBS & C. SNC,DA ASSEGNARE,,0
C673,MINUTO RIBES CUBO PET 100GR,AUTORE S.R.L.,non classificato,,0
C707,OVETTI CIOCCOLATO LATTE/CROCC SFUSI 1KG,AUTORE S.R.L.,non classificato,,0
C717,MINUTO CROCCANTINO NUDO CUBO PET 200 GR,AUTORE S.R.L.,non classificato,,0
C784,MINUTO CROCC LIMONE NUDO BUSTA 200GR,AUTORE S.R.L.,non classificato,,0
CAB250,GUGLIELMI - COND A BASE DI ABM IGP 250ML,GUGLIELMI SAVERIO DI GUGLIELMI R. E V. SNC,DA ASSEGNARE,,0
CAFD75,KOMJANC- DOC COLLIO CABERNET 0.75L,SOC. AGR. ALESSIO KOMJANC E FIGLI S.S.,DA ASSEGNARE,,0
CAMPO126,CAMPOLONGO- GRANCACIO INTERO 8-9KG,CAMPOLONGO S.P.A.,DA ASSEGNARE,,0
CAMPO131,CAMPOLONGO- GRANCACIO A META' 4KG,CAMPOLONGO S.P.A.,DA ASSEGNARE,,0
CASBACASET,BAGNA CAUDA KIT FORNELLO C/ASTUCCIO,MONGETTO SOC. COOP.,non classificato,,0
CC008145,COSTINA BARBECUE MEDITERRAN S/V 600GR 6P,CENTRO CARNE S.R.L.,DA ASSEGNARE,,0
CC008146,COSTINA BARBECUE TEX MEX S/V 600GR 6PZ,CENTRO CARNE S.R.L.,DA ASSEGNARE,,0
CC008227,SPEZZATINO B.A. SV,CENTRO CARNE S.R.L.,DA ASSEGNARE,,0
CC008247,CARPACCIO SCOTT MARCHIGIANA ATP 6PZ 150G,CENTRO CARNE S.R.L.,DA ASSEGNARE,,0
CC008854,FETTINE SCOTT MARCHIGIANA ATP 350GR 6PZ,CENTRO CARNE S.R.L.,DA ASSEGNARE,,0
CC015362,ARROSTICINI OVINO AD. 45PZ ATP - KG,CENTRO CARNE S.R.L.,DA ASSEGNARE,,0
CC016300,"ARROSTICINI OVINO AD. 2,5KG CONG.",CENTRO CARNE S.R.L.,DA ASSEGNARE,,0
CC016301,ARROSTICINI OVINO AD. 5KG CONG.,CENTRO CARNE S.R.L.,DA ASSEGNARE,,0
CC050130,ANGIOLETTI S/V STAGIONATI MAI SAZI 0.3KG,CENTRO CARNE S.R.L.,DA ASSEGNARE,,0
CC050131,DIAVOLETTI S/V SALSIC.PICCANTE MAI SAZI,CENTRO CARNE S.R.L.,DA ASSEGNARE,,0
CC050421,"BORBONE STAG S/C NERO ABRUZZO 3,5KG INT.",CENTRO CARNE S.R.L.,DA ASSEGNARE,,0
CC092050,COPERTINA SCOTT SPALLA S/V 2KG 5PZ BBQ,CENTRO CARNE S.R.L.,DA ASSEGNARE,,0
CC092207,MUSCOLO ANT. B.A. S/V MANZ D'ABRUZZO,CENTRO CARNE S.R.L.,DA ASSEGNARE,,0
CC092217,FESONE DI SPALLA B.A. S/V MANZ D'ABRUZZO,CENTRO CARNE S.R.L.,DA ASSEGNARE,,0
CC092234,GIRELLO DI SPALLA B.A. S/V MANZ D'ABRUZZ,CENTRO CARNE S.R.L.,DA ASSEGNARE,,0
CC092239,FIOCCO DI SPALLA B.A. S/V MANZ D'ABRUZZO,CENTRO CARNE S.R.L.,DA ASSEGNARE,,0
CC092402,FESA SCOTT MARCHIGIANA S/V 8-13KG 1PZ,CENTRO CARNE S.R.L.,DA ASSEGNARE,,0
CC092404,NOCE SCOTT MARCHIGIANA S/V 5-8KG 2PZ,CENTRO CARNE S.R.L.,DA ASSEGNARE,,0
CC092405,SCAMONE SCOTT MARCHIGIANA S/V 4-6KG 2PZ,CENTRO CARNE S.R.L.,DA ASSEGNARE,,0
CC092406,SOTTOFESA SCOTT MARCHIGIAN S/V 6-10KG 2P,CENTRO CARNE S.R.L.,DA ASSEGNARE,,0
CC092411,GIRELLO SCOTT MARCHIGIANA S/V 3KG 2PZ,CENTRO CARNE S.R.L.,DA ASSEGNARE,,0
CC092417,FESONE DI SPALLA B.A. S/V SCOTT MARCHIG,CENTRO CARNE S.R.L.,DA ASSEGNARE,,0
CC092434,GIRELLO DI SPALLA B.A. S/V SCOTT MARCHIG,CENTRO CARNE S.R.L.,DA ASSEGNARE,,0
CC092450,COPERTINA SPALLA SCOTT.MARCH S/V 2KG 5PZ,CENTRO CARNE S.R.L.,DA ASSEGNARE,,0
CC092924,TRONCHETTO CARVERY SCOTT POL S/V 6-12KG,CENTRO CARNE S.R.L.,DA ASSEGNARE,,0
CC097406,SOTTOFESA SCOTTON PIEMONT S/V 6-10KG 2PZ,CENTRO CARNE S.R.L.,DA ASSEGNARE,,0
CC097417,FESONE DI SPALLA B.A. S/V SCOTT PIEMONTE,CENTRO CARNE S.R.L.,DA ASSEGNARE,,0
CC097439,FIOCCO DI SPALLA B.A. S/V SCOTT PIEMONTE,CENTRO CARNE S.R.L.,DA ASSEGNARE,,0
CC110240,PUNTA DI PETTO B.A MARCHIGIANA,CENTRO CARNE S.R.L.,DA ASSEGNARE,,0
CC120018,TRONCHETTO BOV. C/O  S/V  8-14KG 1PZ,CENTRO CARNE S.R.L.,DA ASSEGNARE,,0
CC120031,SPALLINO S/O B.A. S/V,CENTRO CARNE S.R.L.,DA ASSEGNARE,,0
CC120032,GIRELLO DI SPALLA B.A. S/V,CENTRO CARNE S.R.L.,DA ASSEGNARE,,0
CC120033,FESONE DI SPALLA B.A. S/V,CENTRO CARNE S.R.L.,DA ASSEGNARE,,0
CC120038,MUSCOLO ANT. B.A. S/V,CENTRO CARNE S.R.L.,DA ASSEGNARE,,0
CC120039,FIOCCO DI SPALLA B.A. S/V,CENTRO CARNE S.R.L.,DA ASSEGNARE,,0
CC120048,SPIDER STEAK B.A. S/V  TAGLI BBQ,CENTRO CARNE S.R.L.,DA ASSEGNARE,,0
CC120054,FILETTO 4+ B.A. 3PZ S/V,CENTRO CARNE S.R.L.,DA ASSEGNARE,,0
CC120154,CORONA B.A. S/V,CENTRO CARNE S.R.L.,DA ASSEGNARE,,0
CC120240,PUNTA DI PETTO B.A S/V C/O,CENTRO CARNE S.R.L.,DA ASSEGNARE,,0
CC120503,FESA B.A. POLONIA S/V 10-18KG 1PZ,CENTRO CARNE S.R.L.,DA ASSEGNARE,,0
CC120504,NOCE B.A. POLONIA S/V 8- 10KG  2PZ,CENTRO CARNE S.R.L.,DA ASSEGNARE,,0
CC120505,SCAMONE B.A. POLONIA  S/V  7-9KG  2PZ,CENTRO CARNE S.R.L.,DA ASSEGNARE,,0
CC120506,SOTTOFESA B.A. POLONIA S/V 8-12KG 2PZ,CENTRO CARNE S.R.L.,DA ASSEGNARE,,0
CC120518,TRONCHETTO BOV.C/O-S/V POLONIA 8-14KG 1P,CENTRO CARNE S.R.L.,DA ASSEGNARE,,0
CC120523,CUBEROLL B.A. POLONIA S/V  2-5KG  4PZ,CENTRO CARNE S.R.L.,DA ASSEGNARE,,0
CC120524,CUBEROLL B.A. POLONIA SELECT S/V 2-5K 4P,CENTRO CARNE S.R.L.,DA ASSEGNARE,,0
CC120527,FILETTO B.A. 3.5+ POLONIA S/V  3-5KG 3PZ,CENTRO CARNE S.R.L.,DA ASSEGNARE,,0
CC120533,FESA B.A. FRANCIA S/V  10-18KG  1PZ,CENTRO CARNE S.R.L.,DA ASSEGNARE,,0
CC120534,NOCE B.A. FRANCIA S/V  8-10KG  2PZ,CENTRO CARNE S.R.L.,DA ASSEGNARE,,0
CC120535,SCAMONE B.A. FRANCIA S/V 7-9KG  2PZ,CENTRO CARNE S.R.L.,DA ASSEGNARE,,0
CC120536,SOTTOFESA B.A. FRANCIA S/V 8-12KG  2PZ,CENTRO CARNE S.R.L.,DA ASSEGNARE,,0
CC120538,MUSCOLO POST. B.A. S/V,CENTRO CARNE S.R.L.,DA ASSEGNARE,,0
CC120540,CAMPANELLO B.A. S/V,CENTRO CARNE S.R.L.,DA ASSEGNARE,,0
CC120544,GIRELLO B.A. 4+ FRANCIA S/V  4KG  2PZ,CENTRO CARNE S.R.L.,DA ASSEGNARE,,0
CC120554,FILETTO B.A. 4+ FRANCIA  4KG  3PZ,CENTRO CARNE S.R.L.,DA ASSEGNARE,,0
CC120562,ROASBEEF S/O 3C B.A. FRANCIA S/V 3-5K 2P,CENTRO CARNE S.R.L.,DA ASSEGNARE,,0
CC120563,CUBEROLL B.A. FRANCIA S/V  3-5KG  3PZ,CENTRO CARNE S.R.L.,DA ASSEGNARE,,0
CC125004,NOCE BOV. MARCHIGIANA IGP S/V 8-10KG 2PZ,CENTRO CARNE S.R.L.,DA ASSEGNARE,,0
CC125005,SCAMONE BOV.MARCHIGIANA IGP S/V 7-9KG 2P,CENTRO CARNE S.R.L.,DA ASSEGNARE,,0
CC125006,SOTTOFESA BOV.MARCHIGIANA S/V 8-12KG 2PZ,CENTRO CARNE S.R.L.,DA ASSEGNARE,,0
CC125007,MUSCOLO ANT. B.A. S/V MARCHIGIANA,CENTRO CARNE S.R.L.,DA ASSEGNARE,,0
CC125011,GIRELLO BOV.MARCHIGIANA IGP S/V 4KG 2PZ,CENTRO CARNE S.R.L.,DA ASSEGNARE,,0
CC125031,SPALLINO S/O B.A. S/V MARCHIGIANA,CENTRO CARNE S.R.L.,DA ASSEGNARE,,0
CC125032,GIRELLO DI SPALLA B.A. S/V MARCHIGIANA,CENTRO CARNE S.R.L.,DA ASSEGNARE,,0
CC125033,FESONE DI SPALLA B.A. S/V MARCHIGIANA,CENTRO CARNE S.R.L.,DA ASSEGNARE,,0
CC125039,FIOCCO DI SPALLA B.A. S/V MARCHIGIANA,CENTRO CARNE S.R.L.,DA ASSEGNARE,,0
CC127003,FESA BOV.ROMAGNOLA IGP S/V 10-18KG 1PZ,CENTRO CARNE S.R.L.,DA ASSEGNARE,,0
CC127004,NOCE BOV.ROMAGNOLA IGP S/V 8-10KG 2PZ,CENTRO CARNE S.R.L.,DA ASSEGNARE,,0
CC127005,SCAMONE BOV.ROMAGNOLA IGP S/V 7-9KG 2PZ,CENTRO CARNE S.R.L.,DA ASSEGNARE,,0
CC127031,SPALLINO S/O B.A. S/V ROMAGNOLA,CENTRO CARNE S.R.L.,DA ASSEGNARE,,0
CC127038,MUSCOLO ANT. B.A. S/V ROMAGNOLA,CENTRO CARNE S.R.L.,DA ASSEGNARE,,0
CC127150,COPERTINA DI SPALLA ROMAGNOL S/V 2-5K 5P,CENTRO CARNE S.R.L.,DA ASSEGNARE,,0
CC797434,GIRELLO DI SPALLA B.A. S/V SCOTT PEMONTE,CENTRO CARNE S.R.L.,DA ASSEGNARE,,0
CDV20,IRPINIA CODA DI VOLPE DOC 2020, AZ. VITIVINICOLA SALVATORE MOLETTIERI,DA ASSEGNARE,,0
CERV006,SALFIORE DI ROMAGNA MEDIO-FINE 1 KG,PARCO DELLA SALINA DI CERVIA S.R.L.,non classificato,,0
CERV007,SALFIORE DI ROMAGNA MEDIO-FINE 300GR,PARCO DELLA SALINA DI CERVIA S.R.L.,non classificato,,0
CERV035,SALFIORE DI ROMAGNA SACCHETTO 1KG,PARCO DELLA SALINA DI CERVIA S.R.L.,non classificato,,0
CHD75,KOMJANC-DOC COLLIO CHARDONNAY 0.75L,SOC. AGR. ALESSIO KOMJANC E FIGLI S.S.,DA ASSEGNARE,,0
CILI117,CORALLINA,SALUMIFICIO CILIANI S.R.L.,DA ASSEGNARE,,0
CILI136,PALLE DEL NONNO 300GR,SALUMIFICIO CILIANI S.R.L.,DA ASSEGNARE,,0
CILI137,COGLIONI DI MULO 300 GR.,SALUMIFICIO CILIANI S.R.L.,DA ASSEGNARE,,0
CILI146,PORCHETTO,SALUMIFICIO CILIANI S.R.L.,DA ASSEGNARE,,0
CM1,MORTAD CL 1KG 10CM A META' (CONF.10PZ),SALUMIFICIO BBS & C. SNC,DA ASSEGNARE,,0
CM12,MORT. V.N. CLASSICA 12KG A META',SALUMIFICIO BBS & C. SNC,DA ASSEGNARE,,0
CM17,MORT. V.N. CLASSICA 17KG A META',SALUMIFICIO BBS & C. SNC,DA ASSEGNARE,,0
CM2.5,MORT CL OVALINA 2.5KG 14cm (CF 5 PZ),SALUMIFICIO BBS & C. SNC,DA ASSEGNARE,,0
CM3.5,MORT CLASS OVALINA 3.5KG META' 14cm 5 PZ,SALUMIFICIO BBS & C. SNC,DA ASSEGNARE,,0
CM5,MORT. V.N. CLASSICA2.5/3 KG,SALUMIFICIO BBS & C. SNC,DA ASSEGNARE,,0
CO0417,FILETTI POM GIALLO C GAROFANO 300G C.M.,CONSERVE MARRAZZO CARMINE S.R.L.,DA ASSEGNARE,,0
COBAROS0035,BAGNETTO ROSSO GR.35,MONGETTO SOC. COOP.,non classificato,,0
COBAROS0212,BAGNETTO ROSSO GR.200,MONGETTO SOC. COOP.,non classificato,,0
COFCOLATRIS,TRIS DOLCE MONGETTO MAND/PRU/PESCA,MONGETTO SOC. COOP.,non classificato,,0
COFFORMASET,CLUSTER FORMAGGI (4X40),MONGETTO SOC. COOP.,non classificato,,0
COFFORMTRIS,TRIS FORMAGGI MONGETTO MOST/ARANP/COTPER,MONGETTO SOC. COOP.,non classificato,,0
COLIGL062,COLIMENA TONNET. OL DI OLIV 1700GR VETRO,COLIMENA LA FABBRICA DEL TONNO SRL,DA ASSEGNARE,,0
COLIM020/A,COLIMENA PASS. CON ACC. E CAPP. 180 GR,COLIMENA LA FABBRICA DEL TONNO SRL,DA ASSEGNARE,,0
COLIP075,COLIMENA PALAMITA IN OL. OLIVA 760 GR,COLIMENA LA FABBRICA DEL TONNO SRL,DA ASSEGNARE,,0
COLIPC113,COLIMENA PAPARACCH. AL TON. 1500GR VETRO,COLIMENA LA FABBRICA DEL TONNO SRL,DA ASSEGNARE,,0
COLIR030/L,COLIMENA BRIC. DI TONNET. OL.OLIV. 500GR,COLIMENA LA FABBRICA DEL TONNO SRL,DA ASSEGNARE,,0
COLIR031/L,COLIMENA BRIC. DI TONNET. OL.OLIV 1700GR,COLIMENA LA FABBRICA DEL TONNO SRL,DA ASSEGNARE,,0
COLISGVPB,COLIMENA VENTR. CON DATT. GIALLO 290GR,COLIMENA LA FABBRICA DEL TONNO SRL,DA ASSEGNARE,,0
COLISP047/P,COLIMENA RUST. MED. CON POM. SECC 180 GR,COLIMENA LA FABBRICA DEL TONNO SRL,DA ASSEGNARE,,0
COLISP082/P,COLIMENA RUST. MED. CON POM. SECC 300 GR,COLIMENA LA FABBRICA DEL TONNO SRL,DA ASSEGNARE,,0
COLIV113,COLIMENA VENTR. DI TONNET. OL.OLIV 180GR,COLIMENA LA FABBRICA DEL TONNO SRL,DA ASSEGNARE,,0
COLLOMISTOGUGLIELM,COLLO MISTO OLIO,MONGETTO SOC. COOP.,non classificato,,0
COLLOSHOPPER,MATERIALE PUBBLICITARIO/SHOPPERS,,DA ASSEGNARE,,0
CONV12E1,12 ERBE BOTTIGLIA TONDA 50CL,IL CONVENTO SOC. AGR. A.R.L.,DA ASSEGNARE,,0
CONVC1F,SACCH PRALINE CIOCCO FOND/LIMONCE 250GR,IL CONVENTO SOC. AGR. A.R.L.,DA ASSEGNARE,,0
CONVC1L,SACCH PRALINE CIOCCO LATTE/LIMONCE 250GR,IL CONVENTO SOC. AGR. A.R.L.,DA ASSEGNARE,,0
CONVC3F,ASTUC PRALINE CIOCCO FOND/LIMONCE 250GR,IL CONVENTO SOC. AGR. A.R.L.,DA ASSEGNARE,,0
CONVD750,DOLCE DEI FRATI 750GR,IL CONVENTO SOC. AGR. A.R.L.,DA ASSEGNARE,,0
CONVKIT,KIT ASSAGGIO IL CONVENTO 100CL,IL CONVENTO SOC. AGR. A.R.L.,DA ASSEGNARE,,0
CONVM1,MIRTO BOTTIGLIA TONDA 50CL,IL CONVENTO SOC. AGR. A.R.L.,DA ASSEGNARE,,0
CONVN1,NOCILLO BOTTIGLIA TONDA 50CL,IL CONVENTO SOC. AGR. A.R.L.,DA ASSEGNARE,,0
COSBACA0035,BAGNA CAUDA GR.35,MONGETTO SOC. COOP.,non classificato,,0
COSBACA0212,BAGNA CAUDA GR.210,MONGETTO SOC. COOP.,non classificato,,0
COSBACA1062,BAGNA CAUDA GR.1000,MONGETTO SOC. COOP.,non classificato,,0
COSBACASET,KIT COMPLETO BAGNA CAUDA,MONGETTO SOC. COOP.,non classificato,,0
COSBRUB0212,BRUSCHETTA BASILICO GR.180,MONGETTO SOC. COOP.,non classificato,,0
COSSCAL0040,SCALO' GR.35,MONGETTO SOC. COOP.,non classificato,,0
COSSCAL0212,SCALO' GR.180,MONGETTO SOC. COOP.,non classificato,,0
COSSCAL1062,SCALO' GR.1000,MONGETTO SOC. COOP.,non classificato,,0
COSVEND0035,SALSA DELLA VENDEMMIA GR.35,MONGETTO SOC. COOP.,non classificato,,0
COSVEND0212,SALSA DELLA VENDEMMIA GR.200,MONGETTO SOC. COOP.,non classificato,,0
COSVEND1062,SALSA DELLA VENDEMMIA GR.1000,MONGETTO SOC. COOP.,non classificato,,0
CP0003,PASTRAMI,VECCHIO VARZI SRL,DA ASSEGNARE,,0
CPNCNSV,CAPOC.SENZA CONSERVAN.M .FRANCA 2PZ- 4KG,SALUMI MARTINA FRANCA SRL,DA ASSEGNARE,,0
D,ARTICOLO DI PROVA NUM2,,non classificato,,0
DCM07,DELFINO - CAPRICCIO MARE 106ML,DELFINO BATTISTA SRL,DA ASSEGNARE,,0
DELUXEGENTILE,CONFEZIONE DELUXE GENTILE,PASTIFICIO GENTILE SRL,DA ASSEGNARE,,0
DOPPIACOPPIA,DOPPIA COPPIA GENTILE,PASTIFICIO GENTILE SRL,DA ASSEGNARE,,0
DSS08,DELFINO - SINFONIA SAPORI 106ML,DELFINO BATTISTA SRL,DA ASSEGNARE,,0
EP14,SCIROPPO DI LIMONE 720ML,PACHINEAT SRL,DA ASSEGNARE,,0
ESCA-PESP1,PESCHINE ALBICOCCA 150g,ESCA DOLCIARIA S.R.L.,DA ASSEGNARE,,0
F18,"FIANO DI AVELLINO DOCG 2018 ""APIANUM""", AZ. VITIVINICOLA SALVATORE MOLETTIERI,DA ASSEGNARE,,0
F19,"FIANO DI AVELLINO DOCG 2019 ""APIANUM""", AZ. VITIVINICOLA SALVATORE MOLETTIERI,DA ASSEGNARE,,0
FA0015-07,BOCCON AFFUMICATA 42G*6=250G(CT4 PZ KG1),CASEARIA FAIELLO SRL,DA ASSEGNARE,,0
FA0041-004,"F.D.L. AFFUMICATO AGEROLA 450G*8= 3,6KG",CASEARIA FAIELLO SRL,DA ASSEGNARE,,0
FA0041-018,F.D.L. ITA JULIENNE LAV AGEROLA 3KG,CASEARIA FAIELLO SRL,DA ASSEGNARE,,0
FDNB100,COCKTAIL DOLCE - BOX 100GR,VECCHIO VARZI SRL,DA ASSEGNARE,,0
FDNP100,COCKTAIL DOLCE - SACCHETTO 100GR,VECCHIO VARZI SRL,DA ASSEGNARE,,0
FG000,DOLCE A CUORE SAN VALENTINO,PASTIFICIO GENTILE SRL,DA ASSEGNARE,,0
FG003,GENTILE - PANETTO MELA CANNELLA 1KG,FORNO GENTILE S.R.L.,DA ASSEGNARE,,0
FG046,ASSAGGI LIEVITATI 1000GR,PASTIFICIO GENTILE SRL,DA ASSEGNARE,,0
FG047,GENTILE - CONFEZ. ASSAGGIO COLOMBE 1KG,PASTIFICIO GENTILE SRL,DA ASSEGNARE,,0
FG048,ASSAGGI LIEVITATI 1000GR,PASTIFICIO GENTILE SRL,DA ASSEGNARE,,0
FG096,GENTILE - LIEVITATO POMODORI SECC 1000GR,PASTIFICIO GENTILE SRL,DA ASSEGNARE,,0
FG192,GENTILE - OCCHI DI BUE FRAGOLA 250GR,FORNO GENTILE S.R.L.,DA ASSEGNARE,,0
FG195,GENTILE - OCCHI DI BUE ARANCIA 250GR,FORNO GENTILE S.R.L.,DA ASSEGNARE,,0
FG196,GENTILE - DIAMANTINI CACAO 250GR,FORNO GENTILE S.R.L.,DA ASSEGNARE,,0
FG197,GENTILE - DIAMANTINI CLASSICI 250GR,FORNO GENTILE S.R.L.,DA ASSEGNARE,,0
FG198,GENTILE - TOZZETTI CACAO 250GR,FORNO GENTILE S.R.L.,DA ASSEGNARE,,0
FG199,GENTILE - TOZZETTI CLASSICI 250GR,FORNO GENTILE S.R.L.,DA ASSEGNARE,,0
FG2910,FILETTI DI POMODORO NAT.550 GR.GNT,PASTIFICIO GENTILE SRL,DA ASSEGNARE,,0
FG450,GENTILE - CASATIELLO LIEVITATO 800GR,PASTIFICIO GENTILE SRL,DA ASSEGNARE,,0
FG451,GENTILE - CASATIELLO LIEVITATO 1KG,PASTIFICIO GENTILE SRL,DA ASSEGNARE,,0
FG497,GENTILE - PASTIERA NAPOLETANA 1KG,PASTIFICIO GENTILE SRL,DA ASSEGNARE,,0
FG503,GENTILE - FAGOTTINI CIOCCOLATO 200GR,FORNO GENTILE S.R.L.,DA ASSEGNARE,,0
FG505,GENTILE - BRIOCHE CACAO  230 GR,PASTIFICIO GENTILE SRL,DA ASSEGNARE,,0
FG507,GENTILE - BRIOCHECAFFE'-CARAMELLO 230 GR,FORNO GENTILE S.R.L.,DA ASSEGNARE,,0
FG512,GENTILE - MULTICEREAL DELLA SALUTE 200GR,FORNO GENTILE S.R.L.,DA ASSEGNARE,,0
FG520,BAULETTO CLASSICO 320 GR,FORNO GENTILE S.R.L.,DA ASSEGNARE,,0
FILETL,FILETTO LARDATO 2KG S/V 2PZ,SALUMI MARTINA FRANCA SRL,DA ASSEGNARE,,0
FILETSV,FILETTO MARTINA FRANCA META S/V 4PZ,SALUMI MARTINA FRANCA SRL,DA ASSEGNARE,,0
FR011,"CASERA- BEAUFORT ETE' OTTAVO 2,5 KG",LA CASERA S.R.L.,DA ASSEGNARE,,0
FR1476,LA FRUTTA-CONF DI POM. S. MARZANO GR.200,CONSERVE MARRAZZO CARMINE S.R.L.,DA ASSEGNARE,,0
FR207Q,CASERA- COMTE' ELEGANCE 9M 1/4,LA CASERA S.R.L.,DA ASSEGNARE,,0
FR208,BEURRE ISI AOP 1/2SEL 5KG,LA CASERA S.R.L.,DA ASSEGNARE,,0
FR210,CASERA- COMTE CYCLAMEN MILL. 28M 35 KG,LA CASERA S.R.L.,DA ASSEGNARE,,0
FR210O,CASERA- COMTE CYCLAMEN MILL. 28M 1/8,LA CASERA S.R.L.,DA ASSEGNARE,,0
FR210Q,CASERA- COMTE CYCLAMEN MILL. 28M 1/4,LA CASERA S.R.L.,DA ASSEGNARE,,0
FR210S,CASERA- COMTE CYCLAMEN MILL. 28M 1/16,LA CASERA S.R.L.,DA ASSEGNARE,,0
FRACA03.1,VENTRICINA DI ENRICO FETTA 500GR-12PZ,SOCIETA' AGRICOLA FRACASSA S.S.,DA ASSEGNARE,,0
FRACA03.4,VENTRICINA ENRICO VASO 200GR,SOCIETA' AGRICOLA FRACASSA S.S.,DA ASSEGNARE,,0
FRACA03.7,VENTRICINA DI ENRICO NELLO STOMACO 10KG,SOCIETA' AGRICOLA FRACASSA S.S.,DA ASSEGNARE,,0
FRANCHI00,CASSETTE DI LEGNO FRANCHI SALUMI,MENODICIOTTO S.R.L.,non classificato,,0
FRANCHI131,POLPA DI SPALLA TOSCANA KG 2.5,FRANCHI SALUMI SRL,DA ASSEGNARE,,0
FRANCHI132,SPALLA S/O META' S/V KG1.2 (2PZ),FRANCHI SALUMI SRL,DA ASSEGNARE,,0
FRANCHI143,COSCIA S/O INTERO SFUSO KG 7.5,FRANCHI SALUMI SRL,DA ASSEGNARE,,0
FRANCHI150,COSCIA DISOSSATA INTERO SFUSO KG 7.5,FRANCHI SALUMI SRL,DA ASSEGNARE,,0
FRANCHI151,COSCIA DISOSSATA TRANCIO S/V KG1 (3PZ),FRANCHI SALUMI SRL,DA ASSEGNARE,,0
FRANCHI17,BAST. MAREMMANO INT PIUMATO 600GR (8PZ),FRANCHI SALUMI SRL,DA ASSEGNARE,,0
FRANCHI180,BURISTO TRANCIO S/V 300GR (10PZ),FRANCHI SALUMI SRL,DA ASSEGNARE,,0
FRANCHI190,SAL TOSCANO GIGANTE 1/2 S/V KG1.5,FRANCHI SALUMI SRL,DA ASSEGNARE,,0
FRANCHI195,SPALLA S/O TRANCIO S/V 500GR (3PZ),FRANCHI SALUMI SRL,DA ASSEGNARE,,0
FRANCHI22,PORCHETTINA CON FILETTO TRANCI 1.5KG S/V,FRANCHI SALUMI SRL,DA ASSEGNARE,,0
FRANCHI250,COSCIA DISOSSATA SPUNTATO S/V KG 6,FRANCHI SALUMI SRL,DA ASSEGNARE,,0
FRANCHI330,SAL TOSC. MACINATO INT PIUM. 500GR (8PZ),FRANCHI SALUMI SRL,DA ASSEGNARE,,0
FRANCHI332,SAL TOSCANO MACIN S/V INT 500GR (8PZ),FRANCHI SALUMI SRL,DA ASSEGNARE,,0
FRANCHI338,SAL. TOSCANA VINELLO 180GR 16PZ,FRANCHI SALUMI SRL,DA ASSEGNARE,,0
FRANCHI340,SAL. TOSCANA SBRICIOLON 180GR 16PZ,FRANCHI SALUMI SRL,DA ASSEGNARE,,0
FRANCHI341,SAL. TOSCANA PICCANTELLO 180GR 16PZ,FRANCHI SALUMI SRL,DA ASSEGNARE,,0
FRANCHI55,LOMBO INTERO SFUSO KG 1.3 (8PZ),FRANCHI SALUMI SRL,DA ASSEGNARE,,0
FRD75,KOMJANC-DOC COLLIO FRIULANO 0.75L,SOC. AGR. ALESSIO KOMJANC E FIGLI S.S.,DA ASSEGNARE,,0
FV002,CASERA- QUARTIROLO DOP FRESCO,LA CASERA S.R.L.,DA ASSEGNARE,,0
FV010,CASERA- VASCHETTA BURRATINE (8PZ),LA CASERA S.R.L.,DA ASSEGNARE,,0
G18,GRECO DI TUFO DOCG 2018, AZ. VITIVINICOLA SALVATORE MOLETTIERI,DA ASSEGNARE,,0
G19,GRECO DI TUFO DOCG 2019, AZ. VITIVINICOLA SALVATORE MOLETTIERI,DA ASSEGNARE,,0
GBDN100,GIFT BOX GIALLO SCATOLE 2X100GR,VECCHIO VARZI SRL,DA ASSEGNARE,,0
GENTI2400,GENTILE-GRAGNANO PEN. SORRENT. DOC 75CL,PASTIFICIO GENTILE SRL,DA ASSEGNARE,,0
GENTI2610,FILETTI DI POMODORO AL NATURALE 580G,PASTIFICIO GENTILE SRL,DA ASSEGNARE,,0
GENTI2617,CARC. VIOLETTO ARROST SCHITO OLIO 320GR,PASTIFICIO GENTILE SRL,DA ASSEGNARE,,0
GENTI2901,POM. SAN MARZANO DOP SALSATO 550GR VETRO,PASTIFICIO GENTILE SRL,DA ASSEGNARE,,0
GENTI2902,POM. SAN MARZANO DOP NATURALE 550GR VETR,PASTIFICIO GENTILE SRL,DA ASSEGNARE,,0
GENTI2903,POM. SAN MARZANO DOP SALSATO 922GR VETR,PASTIFICIO GENTILE SRL,DA ASSEGNARE,,0
GENTI2917,CARC. VIOLETTO ARROST SCHITO OLIO 280GR,PASTIFICIO GENTILE SRL,DA ASSEGNARE,,0
GENTI2919,FRIJARELLI ALLA NAPOLETANA 280GR,PASTIFICIO GENTILE SRL,DA ASSEGNARE,,0
GENTI2928,PERCOCHE SCIROPPATE 1000GR,PASTIFICIO GENTILE SRL,DA ASSEGNARE,,0
GENTI2936,FRIJARELLI ALLA NAPOLETANA OLIO 1000GR,PASTIFICIO GENTILE SRL,DA ASSEGNARE,,0
GENTI2948,FILETTI POM. KYROS NATURALE 1000GR VETRO,PASTIFICIO GENTILE SRL,DA ASSEGNARE,,0
GENTI2960,POM. SAN MARZANO DOP NATURALE 922GR VETR,PASTIFICIO GENTILE SRL,DA ASSEGNARE,,0
GENTI3601,LINEA BIO LE PENNETTE 250 GR GENTILE,PASTIFICIO GENTILE SRL,DA ASSEGNARE,,0
GENTI3603,LINEA BIO PIPE RIGATE 250 GR GENTILE,PASTIFICIO GENTILE SRL,DA ASSEGNARE,,0
GENTI3605,LINEA BIO LETTERINE 250 GR GENTILE,PASTIFICIO GENTILE SRL,DA ASSEGNARE,,0
GENTI3698,EXPO PAPPA E POMODORO,PASTIFICIO GENTILE SRL,DA ASSEGNARE,,0
GENTI9999,KIT MATERIALE PROMOZIONALE GENTILE,PASTIFICIO GENTILE SRL,non classificato,,0
INSA1000,COLIMENA: INSALATA DI MARE 1000GR,COLIMENA LA FABBRICA DEL TONNO SRL,DA ASSEGNARE,,0
INSA300,COLIMENA: INSALATA DI MARE 300GR,COLIMENA LA FABBRICA DEL TONNO SRL,DA ASSEGNARE,,0
INSA3000,COLIMENA: INSALATA DI MARE 3000GR,COLIMENA LA FABBRICA DEL TONNO SRL,DA ASSEGNARE,,0
INSA500,COLIMENA: INSALATA DI MARE 500GR,COLIMENA LA FABBRICA DEL TONNO SRL,DA ASSEGNARE,,0
INSA700,COLIMENA: INSALATA DI MARE 700GR,COLIMENA LA FABBRICA DEL TONNO SRL,DA ASSEGNARE,,0
IP17,"IRPINIA DOC 2017 ""ISCHIA PIANA""", AZ. VITIVINICOLA SALVATORE MOLETTIERI,DA ASSEGNARE,,0
IT COCCO,VASETTI MENODICIOTTO COCCO (6Z),MENODICIOTTO S.R.L.,non classificato,,0
IT CREME CARAM,VASETTI MENODICIOTTO CREME CARAMEL (6Z),MENODICIOTTO S.R.L.,non classificato,,0
IT FOND NERO,VASETTI MENODICIOTTO FONDENTE NERO (6Z),MENODICIOTTO S.R.L.,non classificato,,0
IT MADAGASCAR,VASETTI MENODICIOTTO VANIGLIA MADAG (6Z),MENODICIOTTO S.R.L.,non classificato,,0
IT MASCAFRAGOLA,VASETTI MENODICIOTTO MASCAFRAGOLA (6Z),MENODICIOTTO S.R.L.,non classificato,,0
JO000131,PINZA JOSELITO,VECCHIO VARZI SRL,DA ASSEGNARE,,0
JO000834,PALETA JOSELITO GRAN RESERVA DISOS.LEGNO,VECCHIO VARZI SRL,DA ASSEGNARE,,0
JO000835,JOMO DI JOSELITO,VECCHIO VARZI SRL,DA ASSEGNARE,,0
JO000837,CHORIZO DI JOSELITO,VECCHIO VARZI SRL,DA ASSEGNARE,,0
JO000838,SALCHICHON DI JOSELITO,VECCHIO VARZI SRL,DA ASSEGNARE,,0
JO000842,PAPADA DI JOSELITO,VECCHIO VARZI SRL,DA ASSEGNARE,,0
JO000845,COFANETTO DI JOSELITO PREAFF. 4X70GR,VECCHIO VARZI SRL,DA ASSEGNARE,,0
JO000847,PALETA JOSELITO GRAN RES. PREAFF. 70GR,VECCHIO VARZI SRL,DA ASSEGNARE,,0
JO000848,LOMO DI JOSELITO BUSTA PREAFFETTATO 70GR,VECCHIO VARZI SRL,DA ASSEGNARE,,0
JO000849,CHORIZO DI JOSELITO BUSTA PREAFFET. 70GR,VECCHIO VARZI SRL,DA ASSEGNARE,,0
JO000850,SALCHICHON DI JOSELITO BUSTA PREAF. 70GR,VECCHIO VARZI SRL,DA ASSEGNARE,,0
JO000870,MORSA JAMOTEC ACCIAIO BASE LEGNO,VECCHIO VARZI SRL,DA ASSEGNARE,,0
JO000871,GREMBIULE ROSSO DI JOSELITO,VECCHIO VARZI SRL,DA ASSEGNARE,,0
JO000885,PALETA JOSELITO GRAN RES. DISOS. ISOTERM,VECCHIO VARZI SRL,DA ASSEGNARE,,0
JO000945,CONFEZIONE REGALO LOMO DI JOSELITO 600GR,VECCHIO VARZI SRL,DA ASSEGNARE,,0
JO000962,MORSA ACCIAIO,VECCHIO VARZI SRL,DA ASSEGNARE,,0
KIT DEG MENO18,KIT DEGUSTAZIONE OMAGGIO MENODICIOTTO SR,MENODICIOTTO S.R.L.,non classificato,,0
L163,SCATOLA TONDA CON COP.DIAM.LA CASERA,LA CASERA S.R.L.,non classificato,,0
LOVISON12,LOVISON:PROS CRU S/O LOVISON RISERVA ADD,SALUMIFICIO A. LOVISON SRL,DA ASSEGNARE,,0
LOVISON22,LOVISON:PROS CRUDO C/O LOVISON RISERVA,SALUMIFICIO A. LOVISON SRL,DA ASSEGNARE,,0
LPBIORIP,IL BIORINO 0.5KG,FORMAGGERIA TOSCANA S.R.L.,DA ASSEGNARE,,0
LPCACTOM,CACIOTTA TOSCANA 1.7KG,FORMAGGERIA TOSCANA S.R.L.,DA ASSEGNARE,,0
LPCACTOV,CACIOCCA DI MUCCA 1KG,FORMAGGERIA TOSCANA S.R.L.,DA ASSEGNARE,,0
LPDORETP,IL DORETTO ESPOSITORE PZ.9,FORMAGGERIA TOSCANA S.R.L.,DA ASSEGNARE,,0
LPFOSSAP,STAGIONATO IN FOSSEVENTURI 1KG,FORMAGGERIA TOSCANA S.R.L.,DA ASSEGNARE,,0
LPGRANCC-QUARTO,"GRAN CAPROTTO QUARTO 2,5 KG",FORMAGGERIA TOSCANA S.R.L.,DA ASSEGNARE,,0
LPIMACRP,PRIMA PECORALATTE CRUDO 2.8KG,FORMAGGERIA TOSCANA S.R.L.,DA ASSEGNARE,,0
LPIMAPCP,PRIMA PECORA PICCOLA 1.2KG,FORMAGGERIA TOSCANA S.R.L.,DA ASSEGNARE,,0
LPMARZRP,MARZOLINO  1KG,FORMAGGERIA TOSCANA S.R.L.,DA ASSEGNARE,,0
LPMAXGIM,IL MAX GIOVANE M. 2.5KG,FORMAGGERIA TOSCANA S.R.L.,non classificato,,0
LPMAXGIP,IL MAX GIOVANE 2.5KG,FORMAGGERIA TOSCANA S.R.L.,DA ASSEGNARE,,0
LPMAXMAP,IL MAX MATURO 2.3KG,FORMAGGERIA TOSCANA S.R.L.,DA ASSEGNARE,,0
LPMORETP,IL MORETTO 0.5KG,FORMAGGERIA TOSCANA S.R.L.,DA ASSEGNARE,,0
LPMSCOSP,SCODELLATO MONTALCINO SEMISTAGIONATO,FORMAGGERIA TOSCANA S.R.L.,DA ASSEGNARE,,0
LPNONSAM,NONNO SANDRO M. 0.8KG,FORMAGGERIA TOSCANA S.R.L.,DA ASSEGNARE,,0
LPNONSAP,NONNO SANDRO 0.8KG,FORMAGGERIA TOSCANA S.R.L.,DA ASSEGNARE,,0
LPPANCAC,SOPRA LA PANCA 1.6KG,FORMAGGERIA TOSCANA S.R.L.,DA ASSEGNARE,,0
LPROSSIP,IL ROSSINO 0.5KG,FORMAGGERIA TOSCANA S.R.L.,DA ASSEGNARE,,0
LPSAMIXM,SALSA MIX AI 5 FORMAGGI 125GR.,FORMAGGERIA TOSCANA S.R.L.,DA ASSEGNARE,,0
LPSCEMIP,EMI 1KG,FORMAGGERIA TOSCANA S.R.L.,DA ASSEGNARE,,0
LPSELVEP,LE SELVE 2.8KG,FORMAGGERIA TOSCANA S.R.L.,DA ASSEGNARE,,0
LPSFIBIP,LO SFIZIO BIANCO PURA PECORA,FORMAGGERIA TOSCANA S.R.L.,DA ASSEGNARE,,0
LPSP120P,PRIMA PECORA 120GR,FORMAGGERIA TOSCANA S.R.L.,DA ASSEGNARE,,0
LPSPAVEP,LO SPAVENTAPASSERI 2.8KG,FORMAGGERIA TOSCANA S.R.L.,DA ASSEGNARE,,0
LPVINACP,IL CHICCO D'UVA 1.7KG,FORMAGGERIA TOSCANA S.R.L.,DA ASSEGNARE,,0
LU014,MATTONCINI 2 KG,FRATELLI LUNARDI S.R.L.,non classificato,,0
LU015,OCCHI DI BUE LAMPONE 2 KG,FRATELLI LUNARDI S.R.L.,non classificato,,0
LU020,MORELLINI 2 KG,FRATELLI LUNARDI S.R.L.,non classificato,,0
LU022,NUVOLE DI COCCO 2 KG,FRATELLI LUNARDI S.R.L.,non classificato,,0
LU033,"TORTA LINZER 1,3 KG",FRATELLI LUNARDI S.R.L.,non classificato,,0
LU036,"CROSTATA DI ALBICOCCHE 1,3 KG",FRATELLI LUNARDI S.R.L.,non classificato,,0
LU038,"TORTA MANTOVANA 1,1 KG",FRATELLI LUNARDI S.R.L.,non classificato,,0
LU039,CROCCANTINI 2 KG,FRATELLI LUNARDI S.R.L.,non classificato,,0
LU041,TORTA DI MELE 1.4 KG,FRATELLI LUNARDI S.R.L.,non classificato,,0
LU055,CIAMBELLA AI FRUTTI DI BOSCO 2 KG,FRATELLI LUNARDI S.R.L.,non classificato,,0
LU058,OCCHI DI BUE ALBICOCCA 2 KG,FRATELLI LUNARDI S.R.L.,non classificato,,0
LU059,QUADROTTI 2 KG,FRATELLI LUNARDI S.R.L.,non classificato,,0
LU062,GIRELLE 2 KG,FRATELLI LUNARDI S.R.L.,non classificato,,0
LU063,BRUTTI BONI 2 KG,FRATELLI LUNARDI S.R.L.,non classificato,,0
LU070,BISC. GLASSATI AL CIOCCOLATO 80PZ,FRATELLI LUNARDI S.R.L.,non classificato,,0
LU074,CIAMBELLA VARIEGATA VANIGLIA CACAO 2 KG,FRATELLI LUNARDI S.R.L.,non classificato,,0
LU076,TRANCETTI 2 KG,FRATELLI LUNARDI S.R.L.,non classificato,,0
LU077,"TORTA MORETTO 1,3 KG",FRATELLI LUNARDI S.R.L.,non classificato,,0
LU084,SACCOTTINI 2 KG,FRATELLI LUNARDI S.R.L.,non classificato,,0
LU097,"CROSTATA DI MORE 1,3 KG",FRATELLI LUNARDI S.R.L.,non classificato,,0
LU105C,"CROSTATA DI LAMPONI 1,3 KG",FRATELLI LUNARDI S.R.L.,non classificato,,0
LU109C,"CROSTATA LAMPONI CON FROLLA CACAO 1,2 KG",FRATELLI LUNARDI S.R.L.,non classificato,,0
LU110,"CROSTATA AL CIOCCOLATO GIANDUIA 1,2 KG",FRATELLI LUNARDI S.R.L.,non classificato,,0
LU40,BEFANOTTI 2KG,FRATELLI LUNARDI S.R.L.,non classificato,,0
LU515,LUNARDI IL PANFORTE AL CIOCCOLATO,FRATELLI LUNARDI S.R.L.,DA ASSEGNARE,,0
LUP580,LUPINI SALAMOIA VASO 580ML,GEVO FOOD SRL,non classificato,,0
M,ARTICOLO DI PROVA,,non classificato,,0
M2,KIT IL CONVENTO: 4 LIMONCE-2 ARANCELLO,IL CONVENTO SOC. AGR. A.R.L.,DA ASSEGNARE,,0
M3,KIT IL CONVENTO: 4 LIM-1 ARANC.-1 12ERBE,IL CONVENTO SOC. AGR. A.R.L.,DA ASSEGNARE,,0
MABPPOM,POMODORO SECCO GR.185,MASSERIA AGRICOLA BUONGIORNO DI ENRICO FANELLI,DA ASSEGNARE,,0
MAD75,KOMJANC-DOC FRIULI MALVASIA 0.75L,SOC. AGR. ALESSIO KOMJANC E FIGLI S.S.,DA ASSEGNARE,,0
MALPIGHI136,GELATINA DI PRELIBATO,ACETAIA MALPIGHI S.R.L.,DA ASSEGNARE,,0
MALPIGHI170,MALPIGHI - ABM 1850 50 ML,ACETAIA MALPIGHI S.R.L.,DA ASSEGNARE,,0
MALPIGHI172,ACINO BIANCO 50 ML,ACETAIA MALPIGHI S.R.L.,DA ASSEGNARE,,0
MALPIGHI205,EXTRAVECCHIO GINEPRO,ACETAIA MALPIGHI S.R.L.,DA ASSEGNARE,,0
MALPIGHI207,EXTRAVECCHIO SECOLARE,ACETAIA MALPIGHI S.R.L.,DA ASSEGNARE,,0
MALPIGHI304,MALPIGHI - COND. ALIM. BIANCO LATTA 5L,ACETAIA MALPIGHI S.R.L.,DA ASSEGNARE,,0
MALPIGHI309,FRAGOLINA,ACETAIA MALPIGHI S.R.L.,DA ASSEGNARE,,0
MALPIGHI336,EXTRAVECCHIO CILIEGIO CON ASTUCCIO,ACETAIA MALPIGHI S.R.L.,DA ASSEGNARE,,0
MALPIGHI355,BALSAMO DI ARANCIA,ACETAIA MALPIGHI S.R.L.,DA ASSEGNARE,,0
MALPIGHI433,ABM IGP BIOLOGICO 250ML,ACETAIA MALPIGHI S.R.L.,DA ASSEGNARE,,0
MALPIGHI84,SAPORINA,ACETAIA MALPIGHI S.R.L.,DA ASSEGNARE,,0
MARILINO025,SEMI LINO BIO 250GR,MARINO FELICE SRL,non classificato,,0
MARIZUCCA025,SEMI ZUCCA BIO 250GR,MARINO FELICE SRL,non classificato,,0
MED75,KOMJANC- DOC COLLIO MERLOT 0.75L,SOC. AGR. ALESSIO KOMJANC E FIGLI S.S.,DA ASSEGNARE,,0
MEG001013,MEGGIOLARO COSCIA AL FORNO S/O INT S.V.,MEGGIOLARO SRL,DA ASSEGNARE,,0
MG-IBM,PANETTI HOTEL FAM GR7 CONF 125GR BIO,MONTANARI & GRUZZA S.P.A.,DA ASSEGNARE,,0
MG-ICS,SCATOLA METALLICA GR500,MONTANARI & GRUZZA S.P.A.,DA ASSEGNARE,,0
MG-KB1IBIS,SPICC SCROS GR300 S/V INCAR A MANO 24M,MONTANARI & GRUZZA S.P.A.,DA ASSEGNARE,,0
MG-KB30BIS,SPICC SCROS GR300 S/V INCAR A MANO 30M,MONTANARI & GRUZZA S.P.A.,DA ASSEGNARE,,0
MG-KE1MBIS,PUNTA DOPPIA CROSTA GR300 S/V INCART MAN,MONTANARI & GRUZZA S.P.A.,DA ASSEGNARE,,0
MG-KEM1M,PUNTA DOPPIA CROSTA GR500 S/V INACART MA,MONTANARI & GRUZZA S.P.A.,DA ASSEGNARE,,0
MG-KEM2MBIS,PUNTA DOPPIA CROSTA GR700 S/V INACART MA,MONTANARI & GRUZZA S.P.A.,DA ASSEGNARE,,0
MG-KES1,ESSENZA ITALIANA SPICC SCROST GR300 S/V,MONTANARI & GRUZZA S.P.A.,DA ASSEGNARE,,0
MG-KES2,ESSENZA ITALIANA PUNT DOPP 1KG S/V,MONTANARI & GRUZZA S.P.A.,DA ASSEGNARE,,0
MG-KG1,SPICCHIO SCROST. GR300 S/V INCART A MANO,MONTANARI & GRUZZA S.P.A.,DA ASSEGNARE,,0
MG-KG1BIS,SPICCHIO SCROST. GR500 S/V INCART A MANO,MONTANARI & GRUZZA S.P.A.,DA ASSEGNARE,,0
MG-OZ,CACIONERONE CON CROSTA NERA 22/24M,MONTANARI & GRUZZA S.P.A.,DA ASSEGNARE,,0
MG-PZS,"GR.PAD.DOP LATTE, CAGLIO, SENZA LISOZIMA",MONTANARI & GRUZZA S.P.A.,DA ASSEGNARE,,0
MON100B,"LA BERAFATT - BOTT. 0,10L",AZIENDA AGRICOLA LEONE SABINO,DA ASSEGNARE,,0
MON100C,"IO VOGLIO DOP - BOTT. 0,10L",AZIENDA AGRICOLA LEONE SABINO,DA ASSEGNARE,,0
MON100E,"EXTERRA BIO - BOTT. 0,10L",AZIENDA AGRICOLA LEONE SABINO,DA ASSEGNARE,,0
MON100G,"DON GIOACCHINO - BOTT. 0,10L",AZIENDA AGRICOLA LEONE SABINO,DA ASSEGNARE,,0
MON100M,"LA MNENN - BOTT. 0,10L",AZIENDA AGRICOLA LEONE SABINO,DA ASSEGNARE,,0
MON100P,"LA PATRAUN - BOTT. 0,10L",AZIENDA AGRICOLA LEONE SABINO,DA ASSEGNARE,,0
MON250B,"LA BERAFATT - BOTT. 0,25L",AZIENDA AGRICOLA LEONE SABINO,DA ASSEGNARE,,0
MON250C,"IO VOGLIO DOP - BOTT. 0,25L",AZIENDA AGRICOLA LEONE SABINO,DA ASSEGNARE,,0
MON250E,"EXTERRA BIO - BOTT. 0,25L",AZIENDA AGRICOLA LEONE SABINO,DA ASSEGNARE,,0
MON250G,"DON GIOACCHINO - BOTT. 0,25L",AZIENDA AGRICOLA LEONE SABINO,DA ASSEGNARE,,0
MON250M,"LA MNENN - BOTT. 0,25L",AZIENDA AGRICOLA LEONE SABINO,DA ASSEGNARE,,0
MON250P,"LA PATRAUN - BOTT. 0,25L",AZIENDA AGRICOLA LEONE SABINO,DA ASSEGNARE,,0
MON500B,"LA BERAFATT - BOTT. 0,50L",AZIENDA AGRICOLA LEONE SABINO,DA ASSEGNARE,,0
MON500C,"IO VOGLIO DOP - BOTT. 0,50L",AZIENDA AGRICOLA LEONE SABINO,DA ASSEGNARE,,0
MON500E,"EXTERRA BIO - BOTT. 0,50L",AZIENDA AGRICOLA LEONE SABINO,DA ASSEGNARE,,0
MON500G,"DON GIOACCHINO - BOTT. 0,50L",AZIENDA AGRICOLA LEONE SABINO,DA ASSEGNARE,,0
MON500M,"LA MNENN - BOTT. 0,50L",AZIENDA AGRICOLA LEONE SABINO,DA ASSEGNARE,,0
MON500P,"LA PATRAUN - BOTT. 0,50L",AZIENDA AGRICOLA LEONE SABINO,DA ASSEGNARE,,0
NG0615,CASERA- TESTUN PECORAAL FIENO,LA CASERA S.R.L.,DA ASSEGNARE,,0
